;manufacturer;series;price;fuel;date;Kilowatts;Horsepower;Kilometers
200;chevrot;camaro;19990000;Benzin;2019;333;453;18800
582;mercedes-benz;s_350;19990000;Dízel;2016;190;258;38480
861;audi;a6;19890000;Dízel;2021;170;231;166000
815;mercedes-benz;e_220;18999999;Dízel;2017;143;194;108334
748;mercedes-benz;v-osztaly;18999000;Dízel;2016;140;190;71500
617;bmw;z4;18720000;Benzin;2020;145;197;11000
696;bmw;320;18090000;Dízel;2021;140;190;44921
177;toyota;prius_plug-in;5750000;Hibrid;2013;73;99;341000
775;mercedes-benz;e_220;17590000;Dízel;2020;143;194;26000
944;mercedes-benz;g_350;17499000;Dízel;2017;190;258;92000
249;renault;megane;16990000;Benzin;2022;221;300;62850
713;bmw;530;16990000;Benzin;2020;185;252;70500
119;mercedes-benz;glc_250;16900000;Dízel;2019;155;211;98570
621;mercedes-benz;g_350;16850000;Dízel;2017;190;258;7000
731;bmw;650;16590000;Benzin;2016;330;449;3926
521;volvo;xc40;16500000;Benzin;2022;145;197;1000
380;volkswagen;golf_viii;15990000;Benzin;2021;180;245;98500
954;skoda;superb;15990000;Dízel;2022;110;150;38170
77;audi;a4;15590000;Dízel;2021;150;204;72527
131;volvo;xc60;15380000;Dízel;2018;140;190;56500
749;cadillac;xt5;15190000;Benzin;2017;231;314;72000
129;bmw;x5;14990000;Dízel;2016;280;381;72894
452;audi;ttrs;14900000;Benzin;2013;265;360;81000
682;bmw;320;14900000;Benzin;2019;135;184;12000
51;volvo;xc40;14850000;Benzin;2019;182;247;86280
941;mercedes-benz;glc_350;14499000;Dízel;2017;190;258;34596
614;mercedes-benz;e_350;14490000;Dízel;2016;190;258;28808
265;mercedes-benz;g-osztaly;13999999;Dízel;2001;184;250;20799
622;bmw;m1;13999999;Benzin;2016;250;340;94000
69;mercedes-benz;glc_220;13990000;Dízel;2017;125;170;26200
557;dodge;chalnger;13990000;Benzin;2018;283;385;184000
677;mercedes-benz;cla_45_amg;13990000;Benzin;2015;265;360;125000
934;chevrot;camaro;13990000;Benzin;2020;202;275;2900
415;volkswagen;transporter_t6;13980000;Dízel;2021;81;110;65500
769;audi;a4;13799000;Benzin;2021;150;204;81000
624;mercedes-benz;e_220;13749000;Dízel;2019;143;194;22200
126;dodge;chalnger;13700000;Benzin;2021;224;305;160000
931;bmw;530;13590000;Dízel;2017;195;265;16200
508;mercedes-benz;cla_200;13499000;Benzin;2019;120;163;8717
901;honda;accord;13190000;Benzin;2020;188;256;149000
222;audi;q3;13189000;Benzin;2020;110;150;58438
671;volkswagen;passat_viii;13000000;Dízel;2020;147;200;68000
880;mercedes-benz;c_220;12999999;Dízel;2018;143;194;50200
239;bmw;5-os_sorozat;12999000;Dízel;2018;140;190;25826
186;ford;mustang;12990000;Benzin;2016;310;421;108967
272;jeep;cherokee;12990000;Dízel;2019;143;194;16200
368;bmw;420;12990000;Dízel;2018;140;190;84000
364;volvo;v90;12850000;Benzin;2019;140;190;130000
720;hyundai;genesis;12799000;Benzin;2016;320;435;159000
13;volvo;xc40;12790000;Dízel;2019;110;150;86000
892;mercedes-benz;e_200;12790000;Benzin;2016;135;184;66000
138;audi;a5;12690000;Benzin;2020;110;150;50000
262;audi;q5;12599000;Dízel;2018;120;163;1800
334;bmw;435;12499999;Dízel;2017;230;313;73000
274;bmw;x2;12490000;Benzin;2018;141;192;25800
460;skoda;octavia;12490000;Benzin;2021;110;150;600
445;ford;ranger;12250000;Dízel;2019;147;200;99525
886;cadillac;devil;12000000;Benzin;1960;227;309;34100
17;bmw;x5;11999999;Dízel;2014;190;258;134542
73;mercedes-benz;a_250;11999000;Benzin;2018;165;224;48000
530;bmw;m1;11999000;Benzin;2017;250;340;151000
528;audi;a6;11998000;Dízel;2019;150;204;157000
250;audi;a6;11900000;Dízel;2017;140;190;18348
535;volkswagen;passat_viii;11690000;Dízel;2021;110;150;123509
704;bmw;118;11690000;Benzin;2020;103;140;48250
42;toyota;yaris;5790000;Hibrid;2019;68;92;60000
917;mercedes-benz;cla_45_amg;11450000;Benzin;2015;265;360;27800
595;toyota;corolla;11290000;Benzin;2020;112;152;69000
152;mercedes-benz;gla_200;10999000;Dízel;2018;100;136;35000
166;infiniti;qx70;10990000;Benzin;2018;235;320;280
375;toyota;auris;6199000;Hibrid;2016;73;99;75931
838;bmw;420;10952000;Dízel;2019;140;190;49000
245;mercedes-benz;cla_220;10800000;Dízel;2018;125;170;24092
991;kia;pro_ceed;10799000;Benzin;2020;150;204;32500
948;mazda;cx-30;10790000;Benzin;2021;137;186;60140
529;mercedes-benz;a_45_amg;10490000;Benzin;2015;265;360;148500
945;mercedes-benz;cl_550;10490000;Benzin;2010;285;387;101800
273;ford;transit;10300000;Dízel;2019;96;131;197345
169;volkswagen;sharan;10150000;Dízel;2018;110;150;211392
341;volkswagen;touran;9999999;Benzin;2020;110;150;82000
95;ford;s-max;9995000;Dízel;2020;110;150;177000
434;audi;a5;9990000;Benzin;2017;140;190;68500
533;skoda;kodiaq;9990000;Dízel;2017;110;150;1
687;skoda;superb;9990000;Dízel;2018;110;150;83000
437;volkswagen;arteon;9900000;Dízel;2018;140;190;73212
269;ford;mustang;9800000;Benzin;2014;224;305;245365
346;audi;a4;9800000;Dízel;2016;140;190;47625
768;peugeot;308;9790000;Dízel;2018;133;181;53000
320;mercedes-benz;cla_180;9750000;Benzin;2018;90;122;78000
849;toyota;auris;6280000;Hibrid;2018;73;99;39900
890;mercedes-benz;cla_45_amg;9550000;Benzin;2013;265;360;12509
739;volvo;v60;9499999;Dízel;2018;140;190;78000
80;jeep;compass;9499000;Benzin;2021;96;131;110000
103;bmw;3-as_sorozat;9490000;Dízel;2016;140;190;215400
828;ford;connect;9490000;Dízel;2021;88;120;105000
288;ford;tourneo;9400000;Dízel;2021;88;120;35319
867;bmw;x1;9290413;Dízel;2019;110;150;203450
442;volkswagen;passat_viii;9290000;Dízel;2018;110;150;67500
742;bmw;530;9290000;Dízel;2017;195;265;23400
53;ford;kuga;9200000;Benzin;2018;134;182;186000
612;land_rover;range_rover_sport;9200000;Dízel;2012;188;256;34050
820;volkswagen;passat;9199000;Benzin;2020;110;150;24000
278;bmw;x5;9190000;Dízel;2014;190;258;53320
66;volkswagen;tiguan;8999000;Benzin;2018;92;125;109000
395;audi;a4;8990000;Dízel;2017;110;150;171000
599;mercedes-benz;cla-osztaly;8990000;Dízel;2016;130;177;108165
26;skoda;octavia;8980000;Dízel;2018;135;184;106983
64;ford;s-max;8900000;Dízel;2016;132;179;174330
561;toyota;c-hr;8900000;Benzin;2018;72;98;70590
986;audi;a5;8899999;Dízel;2017;140;190;34000
738;volkswagen;transporter_t5;8890000;Dízel;2013;132;179;181500
710;ford;puma;8790000;Benzin;2022;92;125;104864
498;skoda;octavia;8699000;Benzin;2020;110;150;65000
456;audi;a6;8690000;Dízel;2015;160;218;48398
4;audi;q7;8600000;Dízel;2014;180;245;48500
198;volvo;xc60;8599999;Dízel;2015;110;150;156519
458;alfa_romeo;stelvio;8599999;Dízel;2017;110;150;100
656;toyota;auris;6399000;Hibrid;2018;73;99;155600
354;bmw;430;8499000;Dízel;2016;190;258;20000
379;volvo;v60;8499000;Dízel;2020;110;150;116000
735;bmw;x1;8499000;Benzin;2015;141;192;176000
930;volkswagen;amarok;8499000;Dízel;2014;132;179;119750
968;bmw;x6;8495000;Dízel;2011;225;306;65000
897;mercedes-benz;ml_350;8490000;Dízel;2011;170;231;148000
979;volkswagen;passat;8490000;Benzin;2018;206;280;174000
174;opel;insignia;8299000;Dízel;2020;125;170;135000
65;audi;q7;8200000;Dízel;2014;180;245;183033
504;suzuki;vitara;8200000;Benzin;2022;95;129;50300
927;audi;q7;8200000;Dízel;2012;250;340;81781
216;mercedes-benz;gl_350;8120000;Dízel;2012;195;265;195000
699;lincoln;navigator;7999999;Benzin;2014;231;314;157521
882;bmw;i3;6970000;Ektromos;2014;125;170;214200
997;ford;focus;7999000;Dízel;2021;88;120;74000
168;mercedes-benz;c_220;7990000;Dízel;2014;125;170;189482
327;renault;espace;7990000;Dízel;2018;118;160;150961
524;bmw;118;7990000;Benzin;2019;103;140;174150
160;bmw;i3;7290000;Ektromos;2014;125;170;160000
915;ford;focus;7990000;Benzin;2020;110;150;129700
994;toyota;rav_4;7499000;Hibrid;2016;114;155;60000
117;xus;rx;7950000;Hibrid(Benzin);2012;183;249;107875
817;mazda;6;7899000;Benzin;2018;121;165;42500
297;hyundai;tucson;7800000;Dízel;2016;100;136;87000
470;subaru;impreza;7800000;Benzin;2004;262;356;198000
497;volkswagen;touareg;7750000;Dízel;2013;180;245;188000
333;toyota;yaris;7700000;Benzin;2021;68;92;19989
797;renault;kadjar;7690000;Benzin;2019;103;140;126500
5;volkswagen;golf;7590000;Benzin;2020;96;131;149000
936;skoda;superb;7549000;Dízel;2017;140;190;94000
27;jeep;wrangr;7500000;Benzin,gáz;2006;151;205;18700
261;kia;ceed;7500000;Benzin;2021;118;160;54000
723;audi;q5;7500000;Dízel;2013;130;177;110000
398;toyota;c-hr;7950000;Hibrid;2019;72;98;134986
363;ford;s-max;7490000;Dízel;2019;110;150;105943
429;peugeot;308;7490000;Dízel;2021;96;131;134000
559;renault;grand_scenic;7490000;Dízel;2019;88;120;175000
921;audi;a6;7450000;Dízel;2015;140;190;81843
802;mercedes-benz;c_220;7449999;Dízel;2016;125;170;104000
57;suzuki;vitara;7440000;Benzin;2022;95;129;28270
52;skoda;superb;7350000;Dízel;2018;88;120;88000
353;volkswagen;golf_vii;7300000;Benzin;2019;96;131;205000
916;skoda;scala;7300000;Benzin;2020;110;150;167000
258;mercedes-benz;c-osztaly;7299000;Dízel;2019;90;122;55600
558;toyota;corolla;7990000;Hibrid(Benzin);2019;72;98;23909
919;skoda;scala;7290000;Benzin;2021;81;110;162958
852;land_rover;range_rover_evoque;7230000;Dízel;2013;140;190;40760
908;audi;a4;7200000;Dízel;2017;110;150;5062
911;volkswagen;passat_viii;7200000;Benzin;2018;110;150;29900
725;seat;ateca;7150000;Benzin;2016;110;150;157000
188;honda;civic;6999999;Dízel;2019;88;120;2
151;skoda;octavia;6999000;Dízel;2019;85;116;253100
350;bmw;530;6999000;Dízel;2015;190;258;157000
444;volkswagen;passat;6999000;Benzin;2018;92;125;110070
809;audi;a4;6999000;Dízel;2017;110;150;245000
923;nissan;juke;6999000;Benzin;2019;160;218;201000
499;opel;astra_k;6990000;Benzin;2017;147;200;58201
864;ford;kuga;6990000;Benzin;2018;110;150;97000
822;audi;a3;7999000;Hibrid;2016;110;150;159000
422;volvo;v40;6899000;Dízel;2019;110;150;124800
417;honda;civic;6799000;Benzin;2018;128;174;12000
588;ford;kuga;6799000;Dízel;2018;88;120;18500
311;kia;stonic;6790000;Benzin;2021;74;101;47200
143;volkswagen;passat_viii;6699000;Benzin;2017;92;125;105000
16;nissan;qashqai;6680000;Benzin;2017;120;163;104000
765;renault;espace;6500000;Dízel;2016;118;160;94124
72;audi;q5;6499999;Dízel;2012;176;239;227908
760;skoda;octavia;6499899;Dízel;2018;110;150;149468
213;ford;egyeb;6499000;Benzin;1986;114;155;146000
763;ford;kuga;6499000;Benzin;2017;110;150;160000
409;renault;megane;6490000;Dízel;2018;96;131;241260
476;jeep;renegade;6490000;Benzin;2020;88;120;117610
625;bmw;535;6490000;Dízel;2012;230;313;220194
284;ford;mondeo;8499000;Hibrid(Benzin);2019;137;186;156000
678;mazda;cx-5;6399000;Dízel;2017;110;150;85210
776;opel;astra_k;6399000;Benzin;2019;110;150;64962
366;alfa_romeo;giulia;6390000;Dízel;2017;110;150;195492
435;renault;grand_scenic;6390000;Dízel;2018;88;120;181000
573;skoda;octavia;6390000;Dízel;2017;110;150;119646
862;volkswagen;touran;6300000;Benzin;2016;110;150;32000
335;audi;q5;6299990;Dízel;2012;176;239;165490
234;fiat;500;6299000;Benzin;2020;51;69;169000
869;toyota;auris;6299000;Benzin;2018;73;99;46125
888;audi;a5;6299000;Dízel;2015;180;245;171000
412;xus;nx;9590000;Hibrid;2016;114;155;244000
206;bmw;216;6279998;Dízel;2017;85;116;23875
457;toyota;aygo;6199999;Benzin;2022;53;72;116000
846;nissan;qashqai;6199990;Dízel;2016;96;131;78900
955;toyota;rav_4;10990000;Hibrid;2019;114;155;53750
672;ford;mondeo;6190000;Dízel;2018;110;150;148000
236;hyundai;kona;6090000;Benzin;2020;88;120;173000
203;mercedes-benz;ml_320;5999999;Dízel;2009;165;224;135000
667;audi;a5;5999999;Dízel;2014;110;150;38000
750;bmw;320;5999999;Dízel;2012;135;184;271440
94;skoda;superb;5999000;Dízel;2016;140;190;23000
270;oldsmobi;ninety-eight;5999000;Dízel;1978;89;121;68345
275;kia;sportage;5999000;Dízel;2014;100;136;258000
439;hyundai;i40;5999000;Benzin;2016;99;135;85000
515;renault;espace;5999000;Dízel;2015;96;131;61820
25;bmw;330;5990000;Dízel;2012;190;258;44000
400;volvo;v40;5990000;Benzin;2017;90;122;208000
708;opel;mokka_x;5990000;Benzin;2017;103;140;186250
933;opel;astra_k;5980000;Benzin;2018;92;125;194865
932;citroen;grand_c4_picasso;5900000;Dízel;2017;110;150;32000
33;volkswagen;passat_viii;5890000;Dízel;2016;110;150;60748
549;seat;on;5890000;Dízel;2018;110;150;55240
949;kia;ceed;5890000;Benzin;2020;73;99;205000
982;ford;focus;5890000;Dízel;2018;88;120;130218
373;pontiac;trans_am;5875000;Benzin;1991;127;173;63815
248;xus;nx;11499999;Hibrid(Benzin);2017;145;197;50814
584;volvo;s60;5790000;Dízel;2016;110;150;192000
615;volkswagen;passat_viii;5790000;Dízel;2017;110;150;9300
639;renault;kadjar;5790000;Dízel;2017;96;131;151572
970;skoda;octavia;5790000;Dízel;2017;85;116;227659
89;volvo;xc90;17989000;Hibrid(Benzin);2018;235;320;1300
546;renault;trafic;5699000;Dízel;2012;84;114;76500
35;suzuki;sx4_s-cross;5690000;Benzin;2017;103;140;66000
83;volvo;s60;5600000;Benzin;2014;110;150;85820
468;audi;a3;5600000;Dízel;2015;81;110;53170
471;bmw;x2;21150000;Hibrid(Benzin);2022;162;220;149000
712;volkswagen;passat_viii;5599000;Dízel;2016;110;150;267074
70;bmw;420;21999000;Hibrid(Dízel);2021;140;190;26000
654;opel;astra_k;5590000;Benzin;2020;81;110;240000
803;skoda;fabia;5590000;Benzin;2021;70;95;214000
950;suzuki;vitara;5590000;Benzin;2018;88;120;87000
586;toyota;corolla;5570000;Benzin;2017;97;132;249000
394;suzuki;vitara;5550000;Benzin;2018;88;120;5100
214;peugeot;308;5500000;Benzin;2011;115;156;128000
202;volkswagen;passat;5499999;Dízel;2012;103;140;233000
510;alfa_romeo;159;5499999;Benzin;2012;147;200;171000
1;volkswagen;polo;5499000;Benzin;2020;70;95;215000
299;volkswagen;passat_viii;5498000;Dízel;2016;110;150;81000
912;ford;focus;5497000;Benzin;2010;166;226;168599
162;volkswagen;polo;5490000;Benzin;2018;70;95;183900
241;ford;kuga;5490000;Benzin;2015;110;150;105685
487;volkswagen;golf_vii;5490000;Dízel;2018;85;116;199460
606;suzuki;vitara;5490000;Benzin;2016;88;120;216800
939;volkswagen;cc;5450000;Dízel;2015;110;150;74500
946;ford;kuga;5400000;Benzin;2015;110;150;111178
527;kia;sportage;5399000;Dízel;2014;85;116;174000
721;honda;civic;5390000;Benzin;2015;104;141;32547
722;volkswagen;golf_viii;22696000;Hibrid(Benzin);2021;150;204;210
448;skoda;octavia;5290000;Dízel;2015;135;184;170000
863;ford;mondeo;5290000;Benzin;2018;118;160;26000
449;ford;mondeo;5199000;Dízel;2019;110;150;175000
756;skoda;octavia;5199000;Dízel;2017;81;110;241000
259;mazda;6;5198000;Dízel;2015;129;175;249000
501;opel;insignia;5189000;Dízel;2017;100;136;38180
958;toyota;corolla;5180000;Benzin;2014;73;99;214300
109;mercedes-benz;e_350;5150000;Dízel;2010;170;231;375000
235;audi;a5;5100000;Dízel;2012;180;245;165258
385;peugeot;3008;5100000;Dízel;2014;84;114;179000
636;volvo;c70;4999999;Benzin;2006;162;220;115295
104;opel;zafira_tourer;4999000;Dízel;2018;125;170;216000
161;porsche;cayenne;4999000;Benzin;2007;213;290;160000
212;suzuki;vitara;4999000;Benzin;2019;82;111;115079
388;lti_carbodies;fl2;4999000;Dízel;2001;50;68;220000
520;mazda;cx-5;4999000;Dízel;2014;110;150;99850
40;skoda;octavia;4998000;Benzin;2014;77;105;209000
12;mazda;cx-5;4990000;Dízel;2013;129;175;125000
50;citroen;c4_aircross;4990000;Dízel;2017;84;114;118366
201;volkswagen;golf_vii;4990000;Benzin;2015;92;125;161043
571;ford;connect;4990000;Dízel;2015;85;116;255000
620;ford;focus;4990000;Dízel;2017;88;120;131463
840;audi;a4;4990000;Dízel;2015;110;150;262000
987;volkswagen;golf;4990000;Benzin;2017;92;125;7050
486;hyundai;ix_35;4950000;Dízel;2012;135;184;41150
329;ford;focus;4900000;Benzin;2017;92;125;173000
397;opel;insignia;4899000;Dízel;2018;100;136;248200
506;hyundai;h-1;4895000;Dízel;2011;125;170;123800
450;volvo;xc60;4890000;Dízel;2009;136;185;102000
543;kia;ceed;4850000;Benzin;2016;99;135;171700
387;skoda;octavia;4800000;Benzin;2015;103;140;155616
962;ford;focus;4799000;Dízel;2019;70;95;172340
301;kia;ceed;4798000;Benzin;2015;74;101;410000
102;kia;sportage;4790000;Benzin;2010;120;163;41000
356;kia;sorento;4790000;Dízel;2013;110;150;168066
390;renault;megane;4790000;Benzin;2017;84;114;109582
900;renault;megane;4790000;Benzin;2018;84;114;113000
359;nissan;qashqai;4699000;Benzin;2017;85;116;172000
736;dacia;duster;4699000;Dízel;2018;80;109;199500
783;audi;q5;4690000;Dízel;2009;176;239;159000
856;skoda;octavia;4690000;Benzin;2018;110;150;205000
453;volkswagen;golf_vii;4650000;Dízel;2017;81;110;274000
553;ford;focus;4599000;Dízel;2015;88;120;185000
877;volkswagen;golf_vii;4599000;Dízel;2013;110;150;197000
879;kia;sportage;23480000;Hibrid(Benzin);2022;132;179;69984
985;opel;insignia;4599000;Benzin;2014;125;170;143000
628;kia;sportage;4590000;Dízel;2013;85;116;91150
482;opel;mokka;4588000;Benzin;2014;103;140;192660
30;volkswagen;passat_vii;4550000;Dízel;2011;103;140;227504
832;bmw;x5;4500000;Benzin;2008;261;355;163000
850;volvo;xc60;27890000;Hibrid(Benzin);2021;186;253;45994
898;mitsubishi;l_200;4499999;Dízel;2008;100;136;280506
122;kia;carens;4499000;Dízel;2018;104;141;38946
243;opel;corsa_f;4499000;Benzin;2020;55;75;26000
254;toyota;avensis;4499000;Benzin;2013;108;147;275081
416;toyota;auris;4499000;Dízel;2014;93;126;32000
711;audi;a5_cabrio;4499000;Benzin;2010;132;179;99755
957;mercedes-benz;c-osztaly;4499000;Dízel;2013;100;136;120000
943;suzuki;jimny;4495000;Benzin;2012;63;86;120200
101;volkswagen;passat_viii;4490000;Dízel;2015;88;120;93000
285;opel;insignia;4490000;Dízel;2016;100;136;289918
302;nissan;juke;4490000;Benzin;2014;140;190;55000
313;nissan;note;4490000;Benzin;2014;72;98;68562
473;skoda;superb;4490000;Dízel;2012;103;140;314000
692;honda;civic;4490000;Benzin;2014;104;141;33892
134;bmw;745;35000000;Hibrid(Benzin);2020;294;400;50768
91;opel;astra_k;4390000;Benzin;2016;110;150;191900
328;audi;s4;4350000;Benzin;2005;253;344;187700
733;toyota;rav_4;4350000;Dízel;2011;110;150;83843
516;opel;astra_j;4347000;Benzin;2016;85;116;155780
389;kia;soul;4300000;Benzin;2015;97;132;259000
640;volkswagen;golf_sportsvan;4300000;Benzin;2016;110;150;194000
300;kia;ceed;4299000;Benzin;2013;99;135;126000
477;hyundai;i30;4299000;Benzin;2015;74;101;220000
637;skoda;rapid;4299000;Benzin;2017;66;90;132175
391;dacia;duster;4290000;Benzin;2019;84;114;213000
420;opel;corsa_e;4290000;Benzin;2019;66;90;114500
928;volkswagen;phaeton;4259000;Dízel;2011;176;239;188912
192;bmw;530;4250000;Dízel;2011;190;258;163000
133;bmw;525;4200000;Dízel;2011;150;204;237000
831;bmw;330;4200000;Dízel;2009;180;245;195000
99;volkswagen;golf_vii;4199000;Dízel;2015;81;110;137000
462;skoda;octavia;4199000;Benzin;2018;110;150;224022
871;volkswagen;sharan;4199000;Dízel;2012;103;140;68400
887;suzuki;swi;4199000;Benzin;2018;66;90;85000
204;opel;insignia;4195000;Dízel;2016;100;136;199000
170;opel;astra_k;4190000;Dízel;2018;81;110;145830
340;nissan;qashqai_plusz_2;4190000;Dízel;2013;110;150;106000
740;volkswagen;scirocco;4190000;Benzin;2011;155;211;200000
885;peugeot;2008;4150000;Dízel;2016;73;99;137855
141;dacia;duster;4099999;Dízel;2013;66;90;306448
154;ford;ranger;3999999;Dízel;2010;103;140;245740
247;nissan;juke;3999999;Benzin;2014;69;94;15865
307;nissan;juke;3999999;Dízel;2014;81;110;169000
330;chevrot;silverado;3999999;Benzin;2001;201;273;110000
427;ford;c-max;3999999;Dízel;2018;88;120;234000
489;mercedes-benz;s-osztaly;3999999;Benzin;1994;210;286;123456
598;skoda;octavia;3999999;Dízel;2015;81;110;258000
751;mercedes-benz;e_220;3999999;Dízel;2013;125;170;179000
128;ford;focus;3999000;Benzin;2010;166;226;194500
244;renault;latitude;3999000;Dízel;2011;127;173;325000
337;mercedes-benz;s_500;3999000;Benzin;1991;240;326;220000
517;toyota;auris;3999000;Benzin;2013;73;99;398000
754;ford;kuga;3999000;Dízel;2009;103;140;130108
906;ford;focus;3997000;Dízel;2016;88;120;159545
791;bmw;530;3995000;Dízel;2008;173;235;219000
172;renault;clio;3990000;Benzin;2018;66;90;173000
218;bmw;330;3990000;Dízel;2008;170;231;166000
691;toyota;avensis;3990000;Dízel;2015;82;111;151300
772;honda;accord;3990000;Dízel;2012;110;150;111869
362;hyundai;i20;3950000;Benzin;2018;74;101;225831
679;mercedes-benz;b_180;3900000;Dízel;2014;80;109;64000
686;bmw;114;3900000;Benzin;2015;75;102;227400
626;kia;picanto;3898000;Benzin;2018;49;67;183000
357;audi;a3;3850000;Dízel;2009;103;140;198300
857;mercedes-benz;e_300;3800000;Dízel;2011;170;231;195000
112;opel;astra_k;3799999;Dízel;2017;81;110;259000
182;renault;clio;3799000;Benzin;2019;66;90;190624
981;seat;on;3799000;Dízel;2016;66;90;95000
32;volkswagen;scirocco;3790000;Dízel;2010;103;140;227593
811;kia;ceed;3790000;Benzin;2014;74;101;234000
737;audi;a6;3730000;Benzin;2005;246;334;157000
903;bmw;318;3700000;Dízel;2013;105;143;76941
280;nissan;juke;3690000;Benzin;2012;140;190;146325
455;audi;a5;3690000;Dízel;2007;176;239;239391
662;peugeot;508;3600000;Dízel;2016;86;117;135200
937;mini;cooper;3600000;Benzin;2011;135;184;195457
905;ford;focus;3599000;Dízel;2016;88;120;68000
507;jeep;wrangr;39990000;Hibrid(Benzin);2022;200;272;107000
252;renault;clio;3590000;Benzin;2017;54;73;211000
205;mercedes-benz;190;3500000;Dízel;1988;53;72;379000
441;ford;focus;3500000;Dízel;2015;85;116;145000
580;opel;insignia;3500000;Dízel;2013;118;160;57000
31;mercedes-benz;s_320;3499000;Dízel;2006;173;235;121000
165;audi;tt;3499000;Benzin;2007;147;200;191165
402;mercedes-benz;c_180;3499000;Dízel;2011;88;120;168281
425;seat;on;3499000;Benzin;2013;63;86;248000
481;renault;clio;3499000;Benzin;2014;66;90;211000
570;nissan;qashqai_plusz_2;3498000;Dízel;2012;96;131;150000
167;ford;s-max;3490000;Dízel;2011;85;116;286970
207;peugeot;508;3490000;Dízel;2011;150;204;192000
428;seat;on;3490000;Benzin;2014;77;105;212000
666;volkswagen;scirocco;3490000;Benzin;2009;147;200;149850
670;bmw;530;3490000;Dízel;2007;173;235;186348
789;kia;optima;3485000;Dízel;2012;100;136;130000
717;citroen;grand_c4_picasso;3470000;Dízel;2014;88;120;87064
267;skoda;octavia;3450000;Dízel;2009;125;170;106610
847;ford;c-max;3399000;Benzin;2011;92;125;131416
602;volkswagen;golf_vi;3398000;Dízel;2008;103;140;101500
281;hyundai;i30;3390000;Dízel;2014;94;128;155770
314;dacia;lodgy;3390000;Dízel;2016;80;109;38563
795;honda;accord;3390000;Benzin;2008;115;156;157688
874;cadillac;sevil;3350000;Benzin;1982;94;128;117893
592;audi;a4;3333333;Dízel;2008;105;143;129000
93;peugeot;308;3299999;Dízel;2015;110;150;209000
127;bmw;x3;3299000;Dízel;2006;160;218;214000
536;ford;s-max;3299000;Dízel;2012;103;140;216819
550;skoda;superb;3299000;Benzin;2008;118;160;55400
780;mitsubishi;space_star;3299000;Benzin;2018;52;71;57000
352;honda;civic;3295000;Benzin;2012;73;99;108500
289;dacia;logan;3290000;Dízel;2017;55;75;202582
294;hyundai;i40;3290000;Benzin;2013;100;136;144700
495;audi;a3;3290000;Dízel;2011;77;105;86300
469;audi;a8;52990000;Hibrid;2020;250;340;25700
806;audi;a5;3290000;Benzin;2010;155;211;90000
845;seat;ibiza;3290000;Dízel;2015;77;105;269279
23;opel;corsa_e;3247000;Benzin;2017;66;90;271000
432;mitsubishi;asx;3240000;Dízel;2011;110;150;196032
929;volkswagen;caravel;3200000;Dízel;2003;111;151;385000
136;mazda;6;3199000;Benzin;2011;88;120;221000
673;hyundai;i10;3199000;Benzin;2014;48;65;72000
729;renault;clio;3199000;Benzin;2014;54;73;75317
790;nissan;juke;3199000;Benzin;2011;86;117;235198
893;hyundai;i30;3199000;Benzin;2013;74;101;250500
145;hyundai;i30;3190000;Benzin;2015;74;101;117000
431;fiat;500;3149000;Benzin;2013;51;69;161000
518;opel;astra;3149000;Dízel;2016;81;110;67167
306;renault;clio;3130000;Dízel;2019;66;90;149000
67;volkswagen;sharan;3100000;Dízel;2011;105;143;93056
111;opel;insignia;3100000;Dízel;2010;118;160;298000
587;ford;focus;3100000;Dízel;2011;103;140;107000
668;audi;a4;3099999;Dízel;2009;105;143;235000
823;honda;cr-v;3099900;Benzin;2010;110;150;129000
519;volkswagen;eos;3090000;Benzin;2010;90;122;108898
854;bmw;320;3000000;Benzin;2007;125;170;147700
475;land_rover;freelander;2999999;Dízel;2009;112;152;99100
796;dacia;duster;2999999;Dízel;2015;66;90;215000
6;hyundai;i30;2999000;Dízel;2013;66;90;132180
76;volkswagen;transporter_t5;2999000;Dízel;2004;103;140;67000
351;land_rover;freelander;2999000;Dízel;2008;112;152;111000
808;mazda;3;2998000;Benzin;2011;77;105;187000
29;mazda;5;2990000;Dízel;2012;85;116;151134
46;toyota;avensis;2990000;Benzin;2009;97;132;358000
260;mercedes-benz;s_320;2990000;Dízel;2003;150;204;224500
567;mercedes-benz;e_420;2990000;Dízel;2007;231;314;210000
644;volkswagen;new_beet;2990000;Dízel;2006;77;105;72683
664;renault;megane;2990000;Dízel;2015;81;110;173181
669;mercedes-benz;c_220;2990000;Dízel;2008;125;170;63000
920;opel;astra_j;2990000;Benzin;2015;88;120;254115
256;dacia;logan;2949000;Dízel;2014;55;75;346500
263;honda;accord;2899000;Dízel;2011;110;150;225463
590;chevrot;cruze;2899000;Benzin;2014;103;140;303000
700;peugeot;308;2899000;Dízel;2011;80;109;356741
121;toyota;prius;2895000;Benzin;2005;57;77;212049
759;seat;ibiza;2890000;Benzin;2015;77;105;193846
63;volkswagen;golf_vi;2888888;Dízel;2009;81;110;394000
951;volkswagen;eos;2888888;Dízel;2010;103;140;235000
597;opel;zafira_tourer;2849000;Benzin;2013;103;140;134700
925;opel;corsa_e;2840000;Benzin;2015;51;69;198969
715;bmw;x3;2800000;Dízel;2007;130;177;199500
369;hyundai;ix_35;2799999;Dízel;2012;85;116;380000
325;nissan;juke;2799000;Dízel;2013;81;110;159088
490;ford;c-max;2799000;Dízel;2011;70;95;26544
56;volkswagen;passat_vi;2790000;Dízel;2011;103;140;82420
195;mercedes-benz;b_200;2790000;Dízel;2009;103;140;169000
407;volkswagen;passat_vi;2790000;Dízel;2009;103;140;220510
310;chevrot;cruze;2750000;Dízel;2013;96;131;170870
411;alfa_romeo;159;2750000;Dízel;2010;125;170;264580
984;honda;jazz;2750000;Benzin;2013;66;90;234504
975;ford;fiesta;2749000;Dízel;2016;55;75;190000
68;honda;jazz;2699000;Benzin;2011;66;90;242543
135;subaru;forester;2699000;Dízel;2014;108;147;284702
196;renault;kangoo_be_bop;2699000;Benzin;2009;78;106;198600
685;alfa_romeo;mito;2698000;Benzin;2011;99;135;256626
3;ford;focus;2697000;Benzin;2012;63;86;43113
45;volkswagen;passat_cc;2690000;Dízel;2008;125;170;148350
286;ford;c-max;2690000;Dízel;2013;85;116;152907
566;ford;mondeo;2690000;Dízel;2011;120;163;79557
807;volkswagen;golf_vi;2690000;Benzin;2009;90;122;174000
889;bmw;x3;2690000;Dízel;2007;130;177;201700
967;audi;a3;2690000;Benzin;2011;92;125;177000
709;opel;insignia;2650000;Dízel;2013;118;160;75003
998;opel;meriva_b;2649000;Benzin;2010;74;101;148475
884;mercedes-benz;b_200;2599999;Benzin;2009;100;136;170000
132;kia;pro_ceed;2599000;Benzin;2013;93;126;218000
392;mercedes-benz;e_220;2599000;Dízel;2008;125;170;179000
718;ford;focus;2599000;Benzin;2012;110;150;170000
752;toyota;auris;2599000;Benzin;2010;97;132;262015
973;honda;gend;2599000;Benzin;2007;217;295;180000
814;volkswagen;golf_vi;2598000;Benzin;2011;77;105;170121
115;toyota;verso-s;2590000;Benzin;2012;73;99;93935
496;suzuki;grand_vitara;2590000;Benzin;2008;78;106;103272
642;mercedes-benz;b_200;2590000;Benzin;2007;100;136;306000
660;peugeot;208;2590000;Dízel;2015;55;75;120000
990;renault;clio;2590000;Benzin;2014;54;73;213849
223;lada;kalina;2550000;Benzin;2018;72;98;294400
232;bmw;520;2550000;Benzin;2004;125;170;194500
316;volkswagen;golf_vi;2550000;Dízel;2013;77;105;100083
505;bmw;530;2550000;Dízel;2003;160;218;65246
848;renault;scenic;2549000;Dízel;2011;81;110;299236
231;audi;a4_cabrio;2500000;Dízel;2005;120;163;131000
616;volkswagen;polo;2500000;Benzin;2009;63;86;284200
910;mazda;3;2499999;Benzin;2009;77;105;450000
805;fiat;500;2499990;Benzin;2009;74;101;220000
107;hyundai;i30;2499000;Dízel;2012;81;110;344300
349;opel;astra_j;2499000;Benzin;2010;85;116;151000
724;volkswagen;golf_plus;2499000;Dízel;2009;77;105;125000
15;peugeot;3008;2490000;Benzin;2011;88;120;80000
532;audi;a4;2490000;Dízel;2006;125;170;177480
627;renault;megane;2490000;Dízel;2011;96;131;206335
747;skoda;octavia;2490000;Benzin;2010;90;122;192815
764;opel;zafira;2490000;Benzin;2011;85;116;80926
440;opel;zafira_b;2450000;Dízel;2010;81;110;200001
581;volkswagen;passat_vi;2450000;Dízel;2006;125;170;147000
841;seat;ibiza;2450000;Dízel;2006;118;160;117782
224;bmw;318;2400000;Dízel;2008;105;143;131000
308;peugeot;308;2400000;Dízel;2011;68;92;256000
421;bmw;323;2400000;Benzin;1997;125;170;251247
853;nissan;qashqai;2399999;Benzin;2007;84;114;152000
24;bmw;116;2399000;Benzin;2009;90;122;211300
321;kia;venga;2399000;Benzin;2010;66;90;226820
403;hyundai;tucson;2399000;Dízel;2009;110;150;152400
964;honda;cr-v;2399000;Benzin;2006;110;150;114864
60;ford;focus;2390000;Dízel;2013;77;105;139467
130;ford;fiesta;2390000;Benzin;2011;60;82;184426
374;peugeot;5008;2390000;Dízel;2012;84;114;192000
523;bmw;318;2390000;Dízel;2010;105;143;133200
600;mitsubishi;lancer;2390000;Dízel;2010;110;150;167080
423;ford;fiesta;2370000;Benzin;2014;60;82;65952
339;volkswagen;polo_v;2350000;Benzin;2012;51;69;296500
370;kia;ceed;2350000;Dízel;2013;94;128;166620
401;kia;venga;2349000;Benzin;2010;66;90;140000
974;opel;zafira_b;2340000;Dízel;2012;92;125;233850
309;toyota;corolla_verso;2300000;Benzin;2008;81;110;32218
41;ford;fiesta;2299000;Benzin;2014;60;82;123037
338;mazda;6;2299000;Benzin;2012;114;155;123200
866;opel;astra_j;2299000;Benzin;2011;88;120;174000
376;peugeot;208;2290000;Benzin;2014;50;68;245485
977;audi;a6;2290000;Dízel;2007;132;179;268000
552;opel;astra_j;2288000;Benzin;2012;74;101;291200
336;mercedes-benz;c_280;2285000;Benzin;2006;170;231;178800
58;honda;fr-v;2250000;Benzin;2009;103;140;192196
88;seat;alhambra;2250000;Dízel;2007;103;140;270000
164;alfa_romeo;giulietta;2250000;Benzin;2010;88;120;179000
315;skoda;octavia;2250000;Dízel;2008;77;105;238000
492;ford;focus;2250000;Dízel;2011;70;95;214000
680;kia;sportage;2250000;Benzin;2008;104;141;100000
569;lancia;thema;2222222;Dízel;2013;140;190;181000
694;volkswagen;touran;2200000;Benzin;2008;103;140;364154
583;volvo;v50;2199999;Dízel;2010;80;109;131040
619;mitsubishi;lancer;2199888;Benzin;2009;80;109;224416
97;ford;fiesta;2190000;Benzin;2010;60;82;147918
438;citroen;c4;2190000;Benzin;2010;88;120;89670
787;peugeot;301;2190000;Benzin;2013;53;72;149458
210;opel;meriva_b;2180000;Dízel;2012;81;110;294000
459;hyundai;i30;2179000;Benzin;2010;80;109;159000
225;skoda;roomster;2150000;Benzin;2013;51;69;254361
443;bmw;320;2150000;Dízel;2008;130;177;151000
922;audi;a6;2150000;Benzin;2007;125;170;173500
996;citroen;grand_c4_picasso;2150000;Benzin;2010;110;150;263650
86;volkswagen;touran;2149000;Dízel;2009;103;140;179120
572;renault;megane;2140000;Benzin;2009;81;110;152000
839;jeep;grand_cherokee;2100000;Dízel;2003;120;163;187000
323;bmw;325;2099999;Benzin;2001;141;192;332000
659;volkswagen;passat_vi;2099999;Dízel;2006;103;140;159211
956;chevrot;epica;2099000;Dízel;2009;110;150;221000
209;chevrot;captiva;2097000;Dízel;2008;110;150;144000
525;honda;cr-v;2090000;Dízel;2005;103;140;100197
995;volkswagen;polo;2090000;Benzin;2010;77;105;334000
28;dodge;caliber;2050000;Benzin;2009;115;156;138000
436;renault;scenic;2050000;Dízel;2009;118;160;222000
491;mahindra;goa;2050000;Dízel;2009;79;107;157800
591;audi;a4;2050000;Benzin;2004;96;131;280400
187;renault;fluence;2000000;Dízel;2015;70;95;196400
282;fiat;ulysse;2000000;Dízel;2011;88;120;295000
657;toyota;yaris;2000000;Benzin;2009;64;87;194000
418;skoda;superb;1999999;Benzin;2008;118;160;205277
761;opel;corsa_d;1999999;Benzin;2014;48;65;246000
816;skoda;octavia;1999999;Benzin;2012;77;105;131850
178;ford;fiesta;1999990;Benzin;2009;71;97;78000
534;mercedes-benz;clk_200;1999990;Benzin;2001;120;163;239000
743;alfa_romeo;159;1999990;Dízel;2010;88;120;206000
824;alfa_romeo;gt;1999990;Dízel;2009;125;170;258000
125;ford;fiesta;1999950;Benzin;2009;60;82;184000
55;nissan;note;1999900;Benzin;2011;65;88;223154
150;bmw;523;1999000;Benzin;2005;130;177;199400
360;renault;espace;1999000;Dízel;2010;127;173;202840
801;opel;zafira;1999000;Benzin;2008;103;140;197000
902;renault;kangoo;1998000;Benzin;2008;78;106;200000
116;bmw;3-as_sorozat;1990000;Benzin;2006;160;218;265050
578;suzuki;jimny;1990000;Dízel;2007;63;86;182000
613;trabant;601;1990000;Benzin;1989;19;26;123000
648;audi;a3;1990000;Benzin;2005;85;116;355522
758;toyota;rav_4;1990000;Dízel;2004;85;116;137432
843;jeep;cherokee;1990000;Dízel;2001;105;143;161777
681;mercedes-benz;e_220;1980000;Dízel;2004;110;150;148810
757;mazda;5;1980000;Benzin;2011;85;116;259505
410;fiat;500;1979000;Benzin;2008;51;69;382000
464;ford;s-max;1950000;Benzin;2007;107;145;170000
21;bmw;320;1947000;Dízel;2006;120;163;262200
706;toyota;yaris;1900000;Benzin;2009;74;101;16536
851;ford;focus;1900000;Benzin;2008;85;116;263478
326;alfa_romeo;159;1899990;Dízel;2007;88;120;239000
120;volvo;v50;1899000;Benzin,gáz;2008;74;101;124888
365;ford;fiesta;1899000;Benzin;2009;71;97;247635
531;opel;vectra_c;1899000;Benzin;2008;77;105;89384
611;subaru;forester;1899000;Benzin;2002;92;125;206000
665;skoda;roomster;1899000;Benzin;2009;51;69;198000
963;mercedes-benz;e_200;1898000;Dízel;2004;90;122;182897
556;bmw;730;1890000;Dízel;2005;170;231;122815
630;opel;corsa_d;1890000;Dízel;2011;55;75;207121
773;volkswagen;golf_v;1890000;Benzin;2009;90;122;211800
347;ford;focus;1880000;Benzin;2010;74;101;246000
381;ford;focus;1879000;Benzin;2008;74;101;835000
488;fiat;bravo;1879000;Dízel;2007;88;120;197000
246;toyota;avensis;1850000;Dízel;2008;130;177;240000
511;skoda;octavia;1850000;Dízel;2011;77;105;209549
872;renault;laguna;1849000;Dízel;2008;96;131;197000
978;seat;ibiza;1849000;Benzin;2014;51;69;304500
84;bmw;320;1800000;Dízel;2005;110;150;462904
0;audi;a4;1799999;Dízel;2007;103;140;160100
176;kia;ceed;1799000;Dízel;2011;85;116;187000
189;ford;focus;1799000;Dízel;2010;80;109;165080
419;hyundai;tucson;1799000;Benzin;2005;104;141;138040
961;ford;s-max;1799000;Dízel;2012;85;116;208000
653;seat;ibiza;1797000;Benzin;2011;51;69;246300
251;seat;altea;1790000;Dízel;2007;125;170;302000
283;kia;ceed;1790000;Benzin;2011;77;105;169700
424;skoda;fabia;1790000;Benzin;2009;63;86;308726
494;ssangyong;actyon_sports;1790000;Dízel;2007;104;141;285000
513;renault;laguna;1790000;Dízel;2009;110;150;260100
947;dacia;logan;1790000;Benzin;2012;62;84;171179
702;ford;focus;1788888;Benzin;2007;74;101;169781
61;opel;zafira_b;1780000;Benzin;2007;103;140;254000
183;volkswagen;touareg;1780000;Dízel;2005;128;174;235850
762;opel;astra_j;1780000;Dízel;2012;81;110;234666
658;citroen;grand_c4_picasso;1759000;Benzin;2010;88;120;238300
255;volvo;v50;1750000;Dízel;2007;100;136;186213
343;lada;niva;1750000;Benzin;2000;59;80;150000
512;volkswagen;touran;1750000;Benzin;2008;103;140;84000
770;citroen;grand_c4_picasso;1750000;Dízel;2010;100;136;120054
651;seat;ibiza;1749000;Benzin;2008;63;86;96400
2;toyota;yaris;1699000;Benzin;2008;64;87;189800
38;honda;civic;1699000;Dízel;2006;103;140;248636
539;audi;a4;1699000;Dízel;2004;96;131;186000
703;mercedes-benz;ml_270;1699000;Dízel;2001;120;163;159000
896;bmw;118;1699000;Benzin;2006;95;129;138000
19;ford;focus;1698000;Benzin;2008;92;125;103374
386;fiat;panda;1698000;Dízel;2013;55;75;155352
632;peugeot;308;1698000;Dízel;2010;82;111;204000
695;toyota;yaris;1698000;Benzin;2008;64;87;199873
821;opel;corsa_d;1695000;Benzin;2009;63;86;187390
123;bmw;118;1690000;Benzin;2006;95;129;188341
593;volkswagen;jetta;1690000;Benzin;2008;75;102;161931
650;toyota;avensis;1690000;Dízel;2005;85;116;37000
825;ford;fiesta;1690000;Benzin;2009;60;82;225000
96;land_rover;freelander;1689990;Dízel;2004;98;133;74000
873;peugeot;207;1689000;Benzin;2011;72;98;141000
393;smart;fortwo;1688000;Benzin;2012;45;61;403500
332;toyota;auris;1675000;Dízel;2007;66;90;140000
794;citroen;c1;1675000;Benzin;2012;50;68;180145
705;peugeot;307;1668000;Dízel;2008;100;136;360750
10;kia;pro_ceed;1650000;Dízel;2009;66;90;411000
113;audi;a3;1650000;Benzin;2008;92;125;126000
601;volkswagen;touareg;1650000;Dízel;2006;165;224;237000
688;toyota;yaris;1650000;Dízel;2007;66;90;426000
799;kia;sportage;1650000;Benzin;2005;104;141;87000
965;opel;insignia;1650000;Dízel;2009;96;131;185286
971;opel;meriva;1650000;Dízel;2010;55;75;93395
989;seat;ibiza;1650000;Benzin;2011;51;69;250000
75;toyota;auris;1649999;Dízel;2007;93;126;280000
105;mini;mini_cooper;1600000;Benzin;2008;88;120;228000
171;bmw;320;1600000;Benzin;2007;110;150;236000
483;hyundai;getz;1600000;Benzin;2008;71;97;143800
914;chevrot;epica;1600000;Dízel;2008;110;150;259204
562;renault;grand_scenic;1599000;Benzin;2007;99;135;175000
574;audi;a6;1599000;Dízel;2005;165;224;98000
576;suzuki;splash;1599000;Dízel;2008;55;75;61000
596;skoda;fabia;1599000;Benzin;2009;51;69;323831
603;renault;scenic;1599000;Benzin;2007;82;111;169600
604;opel;astra_h;1599000;Benzin;2009;85;116;164622
716;opel;corsa_d;1599000;Benzin;2008;59;80;151500
786;toyota;corolla_verso;1599000;Dízel;2008;130;177;206540
461;opel;zafira_b;1590000;Benzin;2006;103;140;82000
635;opel;astra_h;1585000;Benzin;2008;77;105;249200
344;ford;focus;1580000;Benzin;2005;85;116;158217
959;opel;zafira;1580000;Benzin;2007;77;105;152000
858;ford;fusion;1578000;Benzin;2009;74;101;141138
878;toyota;corolla;1560000;Benzin;2005;81;110;101000
48;bmw;x5;1550000;Dízel;2001;135;184;179000
800;lada;granta;1550000;Benzin;2018;72;98;145325
924;seat;ibiza;1550000;Benzin;2011;44;60;216200
953;volvo;xc90;1550000;Benzin;2005;200;272;150000
999;suzuki;sx4;1500000;Benzin;2006;73;99;184684
287;trabant;601;1499999;Benzin;1989;19;26;173127
827;mercedes-benz;a-osztaly;1499999;Dízel;2009;80;109;290000
193;suzuki;splash;1499000;Benzin;2009;48;65;157963
292;volkswagen;golf_v;1499000;Benzin;2006;85;116;193000
472;mercedes-benz;c_200;1499000;Benzin;2004;120;163;156700
537;toyota;yaris_verso;1499000;Benzin;2004;62;84;625000
563;fiat;linea;1498000;Benzin;2011;57;77;241000
779;ford;mondeo;1498000;Benzin;2006;92;125;146000
451;opel;zafira_b;1495000;Benzin;2008;85;116;245945
293;volkswagen;polo;1490000;Benzin;2005;55;75;136937
935;ford;focus;1490000;Benzin;2007;107;145;269600
876;seat;on;1489000;Benzin;2006;63;86;19546
43;audi;a4;1480000;Dízel;2004;132;179;213000
277;seat;altea;1470000;Dízel;2009;77;105;291000
227;hyundai;i20;1450000;Benzin;2011;57;77;182000
298;volkswagen;golf_ii;1450000;Benzin;1989;40;54;193000
618;hyundai;i20;1450000;Benzin;2010;57;77;138365
655;renault;megane;1450000;Benzin;2007;99;135;146683
87;opel;meriva_a;1449000;Benzin;2008;77;105;173000
191;opel;astra_h;1449000;Benzin;2005;92;125;94000
784;volkswagen;golf_iv;1449000;Benzin;2005;77;105;265000
59;opel;meriva_a;1448000;Benzin;2008;77;105;203685
502;volkswagen;passat_v;1400000;Benzin;2003;125;170;33500
190;opel;frontera;1399999;Benzin;2002;100;136;237500
714;toyota;corolla;1399000;Benzin;2006;71;97;188000
810;fiat;grande_punto;1399000;Benzin;2009;48;65;219693
493;opel;astra_h;1397700;Benzin;2006;77;105;260000
90;honda;jazz;1390000;Benzin;2007;61;83;108800
484;volkswagen;polo;1390000;Benzin;2008;44;60;262000
610;suzuki;swi;1390000;Benzin;2007;68;92;231000
792;opel;meriva_a;1390000;Benzin;2008;66;90;298000
940;audi;a4;1390000;Benzin;1995;74;101;168401
952;citroen;xsara_picasso;1390000;Benzin;2008;80;109;349000
8;mercedes-benz;a_180;1380000;Dízel;2005;80;109;121400
153;opel;meriva;1375000;Benzin;2008;77;105;141000
413;mini;mini_cooper;1370000;Benzin;2006;88;120;257000
221;suzuki;swi;1368000;Benzin;2009;68;92;422526
555;ford;focus;1365000;Benzin;2006;74;101;201000
405;ford;focus;1350000;Benzin;2008;85;116;140000
623;chrysr;pt_cruiser;1350000;Benzin;2006;105;143;173990
909;opel;astra_h;1339000;Dízel;2009;74;101;255246
544;kia;carnival;1330000;Dízel;2009;136;185;193800
7;kia;ceed;1300000;Benzin;2007;80;109;225681
11;peugeot;207;1300000;Benzin;2007;70;95;282000
479;ford;fusion;1300000;Benzin;2006;59;80;470000
766;mitsubishi;colt;1299999;Benzin;2010;55;75;470000
641;renault;grand_scenic;1299000;Benzin;2008;82;111;199557
674;fiat;grande_punto;1299000;Dízel;2008;66;90;97000
835;ford;focus;1299000;Benzin;2007;74;101;173143
966;skoda;fabia;1299000;Benzin;2007;55;75;145000
746;ford;focus;1298000;Benzin;2007;74;101;95000
39;mini;mini_cooper;1290000;Benzin,gáz;2003;85;116;283000
741;skoda;octavia;1290000;Dízel;2004;81;110;106719
575;ford;focus;1279000;Benzin;2007;74;101;176438
217;suzuki;swi;1269000;Benzin;2005;68;92;263000
108;volvo;v50;1250000;Dízel;2005;80;109;98000
463;citroen;c2;1249000;Benzin;2010;44;60;177000
382;mazda;6;1240000;Benzin;2006;88;120;212731
81;volkswagen;polo;1220000;Benzin;2007;44;60;43000
158;renault;megane;1200000;Benzin;2005;83;113;300000
788;ford;focus_c-max;1200000;Dízel;2005;80;109;208896
983;peugeot;407;1200000;Dízel;2006;150;204;240000
342;skoda;fabia;1199000;Benzin;2009;44;60;279240
478;opel;astra_h;1199000;Dízel;2006;66;90;195000
992;volkswagen;sharan;1199000;Benzin;2002;85;116;232081
579;mercedes-benz;c_200;1195000;Benzin;2002;120;163;184000
830;mini;mini_one;1190000;Dízel;2004;55;75;194769
62;renault;clio;1189000;Benzin;2007;55;75;182000
771;ford;fusion;1189000;Benzin;2004;59;80;276000
608;ford;fiesta;1175000;Benzin;2007;59;80;339290
781;lancia;delta;1150000;Dízel;2009;88;120;455008
960;mazda;6;1150000;Benzin;2005;88;120;198111
74;volkswagen;polo;1149000;Benzin;2007;40;54;219000
433;ford;fiesta;1149000;Benzin;2008;51;69;234000
474;peugeot;307;1149000;Benzin;2004;80;109;175342
538;hyundai;getz;1148000;Benzin;2006;49;67;104000
683;volkswagen;polo_iv;1130000;Dízel;2002;55;75;308000
34;nissan;micra;1100000;Benzin;2007;48;65;323000
47;ford;focus_c-max;1100000;Benzin;2005;74;101;212543
124;fiat;bravo;1100000;Dízel;2008;77;105;175300
266;renault;clio;1100000;Benzin;2008;48;65;237600
454;trabant;601;1100000;Benzin;1987;19;26;301000
647;citroen;c5;1100000;Dízel;2008;80;109;107200
859;opel;meriva_a;1100000;Dízel,gáz;2006;55;75;320000
180;ford;focus_c-max;1099000;Dízel;2005;100;136;105066
548;opel;zafira_b;1099000;Dízel;2011;92;125;111300
594;hyundai;getz;1099000;Benzin;2005;46;63;96200
855;mercedes-benz;a_150;1099000;Benzin;2007;70;95;169000
228;fiat;panda;1097777;Benzin;2009;40;54;209000
37;opel;corsa_d;1090000;Benzin;2007;59;80;302000
233;peugeot;407;1089000;Benzin;2005;103;140;263403
446;peugeot;607;1079000;Dízel;2003;98;133;520000
551;suzuki;swi;1050000;Benzin;2005;75;102;333000
707;opel;vectra_c;1050000;Dízel;2006;88;120;291929
938;toyota;yaris;1049999;Benzin;2003;63;86;513834
609;skoda;fabia;1000000;Benzin;2008;51;69;267000
144;toyota;yaris;999999;Benzin;2003;48;65;380000
509;opel;meriva;999999;Benzin;2004;74;101;535380
774;skoda;fabia;999999;Dízel;2001;74;101;195037
82;fiat;grande_punto;999000;Benzin;2008;57;77;228893
139;ford;fiesta;999000;Benzin;2008;55;75;352150
148;volkswagen;polo;999000;Dízel;2002;55;75;117000
211;ford;focus;999000;Benzin;2005;85;116;238000
645;honda;accord;998000;Dízel;2004;103;140;166000
836;opel;astra_h;997000;Benzin;2006;66;90;170540
447;opel;astra_h;995000;Benzin;2005;66;90;312204
185;renault;twingo;990000;Benzin;2009;55;75;204805
194;skoda;fabia;990000;Benzin;2009;44;60;350000
226;toyota;avensis;990000;Dízel;2006;110;150;191000
305;subaru;impreza;990000;Benzin;2007;79;107;206454
500;fiat;grande_punto;990000;Benzin;2006;57;77;295000
541;mercedes-benz;c_230;990000;Benzin;2003;141;192;291000
554;mini;mini_cooper;990000;Benzin;2001;85;116;135400
697;mercedes-benz;c_220;990000;Dízel;2004;105;143;146866
730;audi;a8;990000;Benzin;1998;169;230;280000
834;renault;laguna;990000;Dízel;2006;88;120;386455
942;lada;samara;990000;Benzin;1988;48;65;225400
238;peugeot;207;989000;Benzin;2007;66;90;138000
675;renault;laguna;980000;Dízel;2006;88;120;361500
100;skoda;octavia;969000;Benzin;2003;55;75;240000
589;chevrot;spark;969000;Benzin;2006;38;52;167000
744;suzuki;ignis;960000;Benzin;2003;69;94;192000
22;ford;focus;950000;Benzin;2007;74;101;255100
140;suzuki;swi;950000;Benzin;2005;68;92;420000
149;alfa_romeo;159;950000;Dízel;2006;147;200;129500
291;ford;focus_c-max;950000;Dízel;2004;100;136;206000
585;lada;1300;950000;Benzin;1979;56;76;106300
732;peugeot;207;950000;Benzin;2007;110;150;240000
9;fiat;grande_punto;949000;Benzin;2009;48;65;154360
899;opel;astra_g;920000;Benzin;2007;66;90;149077
777;suzuki;ignis;900000;Benzin;2007;69;94;307000
798;opel;tigra_tt;899999;Benzin;2005;92;125;175627
197;honda;jazz;899000;Benzin;2003;57;77;349000
661;fiat;panda;899000;Dízel;2007;51;69;278000
358;citroen;c4;890000;Dízel;2007;66;90;116000
384;volkswagen;bora;890000;Benzin;2004;77;105;356000
560;volkswagen;passat_v;890000;Dízel;2003;74;101;156000
728;peugeot;207;890000;Benzin;2008;55;75;226780
322;volkswagen;golf_iii;875000;Dízel;1996;55;75;280850
643;peugeot;207;859000;Dízel;2011;66;90;188500
173;fiat;albea;850000;Benzin;2006;57;77;142000
842;peugeot;207;850000;Dízel;2009;66;90;370000
926;volvo;s80;850000;Benzin;2002;200;272;400000
175;skoda;fabia;849999;Benzin;2005;40;54;154000
698;peugeot;206;849000;Dízel;2005;80;109;167876
719;renault;thalia;847000;Benzin;2003;55;75;380100
689;bmw;318;820000;Benzin;2001;87;118;149720
79;ford;focus;800000;Benzin;2005;59;80;360000
181;mini;mini_one;800000;Benzin;2002;66;90;217000
215;ford;focus;800000;Dízel;2009;80;109;303000
257;peugeot;206;800000;Benzin;2004;80;109;170000
399;opel;vectra_c;800000;Dízel;2003;92;125;270000
684;mercedes-benz;c_180;800000;Benzin;2001;95;129;330000
159;mazda;mpv;799000;Dízel;2004;100;136;298297
276;peugeot;407;799000;Benzin,gáz;2006;103;140;255000
118;ford;focus;790000;Benzin;2002;55;75;217143
633;peugeot;405;790000;Dízel;1990;51;69;168000
20;fiat;126;780000;Benzin;1986;18;24;248500
430;ford;galaxy;770000;Dízel;2003;85;116;210000
406;ssangyong;musso;750000;Dízel;1998;74;101;153500
782;volvo;v40;750000;Benzin;1997;103;140;107171
883;renault;clio;750000;Dízel;2010;50;68;302126
969;nissan;almera;750000;Dízel;2003;60;82;353653
348;honda;civic;749999;Benzin;1998;55;75;211000
85;peugeot;106;749000;Benzin;1995;33;45;191306
649;citroen;c3;749000;Benzin;2005;54;73;378112
646;volkswagen;bora;739999;Benzin;2000;74;101;229000
98;volkswagen;passat_v;700000;Dízel;2004;96;131;195000
106;peugeot;307;700000;Dízel;2007;80;109;325125
727;ford;orion;700000;Benzin;1988;54;73;315250
833;suzuki;swi;700000;Benzin;2006;68;92;522100
372;peugeot;206;699000;Benzin;2006;55;75;75000
676;audi;a3;699000;Benzin;1998;110;150;247260
826;opel;meriva_a;699000;Benzin,gáz;2007;66;90;181506
875;toyota;start;679000;Benzin;1987;55;75;250799
199;volkswagen;golf_v;670000;Benzin;2006;75;102;602781
14;volkswagen;polo_iv;650000;Benzin;2003;55;75;356766
237;volkswagen;polo_iv;645000;Benzin;2003;40;54;168400
208;opel;astra_g;600000;Benzin;2007;66;90;350000
408;renault;laguna;600000;Dízel;2003;110;150;195000
663;peugeot;307;600000;Dízel;2004;80;109;148000
755;mercedes-benz;a_170;600000;Dízel;2004;70;95;67000
804;ford;escort;599999;Benzin;1983;51;69;158117
868;ford;focus;599999;Dízel;2002;85;116;195000
78;suzuki;alto;599900;Benzin;2006;46;63;266000
240;suzuki;vitara;599000;Benzin;1996;59;80;190000
371;volkswagen;passat;599000;Benzin;1999;74;101;243108
378;opel;tigra_tt;599000;Benzin;2005;92;125;144000
894;nissan;almera;580000;Benzin;2004;72;98;229000
753;fiat;ulysse;570000;Dízel;2000;80;109;296200
778;chrysr;grand_voyager;570000;Dízel;2001;104;141;265400
547;volkswagen;lupo;569000;Benzin;2003;44;60;338000
184;ford;focus;550000;Benzin;2005;74;101;277000
690;citroen;c3;550000;Benzin;2004;54;73;313845
155;kia;rio;549999;Benzin;2003;60;82;246000
290;ford;fusion;520000;Benzin;2005;59;80;308000
377;lada;2107;500000;Benzin;1992;55;75;200000
404;toyota;yaris;500000;Benzin;2001;50;68;139000
568;fiat;ulysse;500000;Dízel;2004;80;109;22000
147;renault;scenic;499999;Benzin;2002;79;107;312600
331;ford;focus;499999;Dízel;2005;66;90;217491
304;hyundai;accent;499000;Benzin;2003;63;86;177000
345;fiat;punto;499000;Benzin;2003;44;60;167000
367;ssangyong;kyron;499000;Dízel;2006;104;141;41000
466;suzuki;alto;499000;Benzin;2004;46;63;77000
631;toyota;corolla_verso;499000;Dízel;2006;130;177;238000
157;citroen;xsara_picasso;489000;Benzin;2002;70;95;185610
303;alfa_romeo;gt;485000;Dízel;2007;110;150;189000
607;skoda;octavia;460000;Benzin;1999;74;101;249000
253;renault;r_19;450000;Benzin;1994;55;75;159500
467;renault;r_25;450000;Benzin;1985;91;124;187727
819;opel;astra_f;450000;Benzin;1996;60;82;226000
837;toyota;celica;450000;Benzin;1994;85;116;160000
324;ford;focus;444000;Dízel;2002;55;75;208600
813;mazda;2;425000;Dízel;2003;50;68;267000
870;fiat;punto;424000;Benzin;2000;44;60;152817
980;volkswagen;golf_iv;400000;Benzin;2000;74;101;7060
414;citroen;xsara_picasso;399500;Benzin;2001;85;116;300000
361;toyota;avensis;399000;Benzin;2001;93;126;214910
693;citroen;xsara;399000;Benzin;2004;55;75;202000
726;citroen;c5;399000;Dízel;2003;80;109;312000
793;ford;ka;380000;Benzin;1999;44;60;190000
296;kia;sephia;370000;Benzin;1999;59;80;122555
913;citroen;berlingo;360000;Dízel;2003;66;90;580538
895;mazda;323;359000;Benzin;1997;65;88;204708
163;seat;ibiza;345000;Benzin;1998;44;60;140000
426;rover;p6;345000;Benzin;1972;73;99;123456
137;citroen;c3;330000;Dízel;2003;50;68;300000
229;fiat;seicento;330000;Benzin;2001;29;39;111000
480;mazda;2;330000;Benzin;2005;55;75;181000
829;mercedes-benz;a_160;330000;Benzin;1998;75;102;225320
92;volkswagen;polo_iii;320000;Benzin;2000;55;75;250000
577;volkswagen;golf_ii;300000;Dízel;1988;40;54;500000
701;polski_fiat;126;300000;Benzin;1985;18;24;61580
318;daewoo;tico;299000;Benzin;1997;35;48;92770
44;nissan;micra;295000;Benzin;2002;60;82;210000
396;audi;a4;280000;Dízel;1998;110;150;280000
142;audi;a4;259000;Dízel;1996;66;90;186000
503;mitsubishi;colt;250000;Benzin;1997;66;90;160000
860;seat;ibiza;250000;Dízel;1999;47;64;236519
865;suzuki;swi;250000;Benzin;1999;39;53;140000
745;volkswagen;new_beet;249000;Dízel;1999;66;90;270000
146;fiat;punto;245000;Benzin;1999;40;54;207000
844;peugeot;206;245000;Dízel;2004;50;68;260000
907;opel;astra_f;230000;Benzin;1994;60;82;455000
976;rover;75;230000;Dízel;2002;85;116;270340
18;nissan;micra;200000;Benzin;1985;40;54;125000
49;fiat;brava;200000;Benzin;1999;76;103;400000
268;ford;fiesta;200000;Benzin;2002;44;60;74366
465;mazda;323;170000;Benzin;1997;66;90;245000
220;skoda;105;160000;Benzin;1986;34;46;67890
542;citroen;saxo;160000;Benzin;2000;44;60;188000
993;skoda;fabia;160000;Dízel;2005;47;64;280000
230;ford;ka;150000;Benzin;2006;50;68;160000
