manufacturer,series,price,fuel,date,Kilowatts,Horsepower,Kilometers
chevrot,camaro,19990000,Benzin,2019,333,453,18800
mercedes-benz,s_350,19990000,Dízel,2016,190,258,38480
audi,a6,19890000,Dízel,2021,170,231,166000
mercedes-benz,e_220,18999999,Dízel,2017,143,194,108334
mercedes-benz,v-osztaly,18999000,Dízel,2016,140,190,71500
bmw,z4,18720000,Benzin,2020,145,197,11000
bmw,320,18090000,Dízel,2021,140,190,44921
toyota,prius_plug-in,5750000,Hibrid,2013,73,99,341000
mercedes-benz,e_220,17590000,Dízel,2020,143,194,26000
mercedes-benz,g_350,17499000,Dízel,2017,190,258,92000
renault,megane,16990000,Benzin,2022,221,300,62850
bmw,530,16990000,Benzin,2020,185,252,70500
mercedes-benz,glc_250,16900000,Dízel,2019,155,211,98570
mercedes-benz,g_350,16850000,Dízel,2017,190,258,7000
bmw,650,16590000,Benzin,2016,330,449,3926
volvo,xc40,16500000,Benzin,2022,145,197,1000
volkswagen,golf_viii,15990000,Benzin,2021,180,245,98500
skoda,superb,15990000,Dízel,2022,110,150,38170
audi,a4,15590000,Dízel,2021,150,204,72527
volvo,xc60,15380000,Dízel,2018,140,190,56500
cadillac,xt5,15190000,Benzin,2017,231,314,72000
bmw,x5,14990000,Dízel,2016,280,381,72894
audi,ttrs,14900000,Benzin,2013,265,360,81000
bmw,320,14900000,Benzin,2019,135,184,12000
volvo,xc40,14850000,Benzin,2019,182,247,86280
mercedes-benz,glc_350,14499000,Dízel,2017,190,258,34596
mercedes-benz,e_350,14490000,Dízel,2016,190,258,28808
mercedes-benz,g-osztaly,13999999,Dízel,2001,184,250,20799
bmw,m1,13999999,Benzin,2016,250,340,94000
mercedes-benz,glc_220,13990000,Dízel,2017,125,170,26200
dodge,chalnger,13990000,Benzin,2018,283,385,184000
mercedes-benz,cla_45_amg,13990000,Benzin,2015,265,360,125000
chevrot,camaro,13990000,Benzin,2020,202,275,2900
volkswagen,transporter_t6,13980000,Dízel,2021,81,110,65500
audi,a4,13799000,Benzin,2021,150,204,81000
mercedes-benz,e_220,13749000,Dízel,2019,143,194,22200
dodge,chalnger,13700000,Benzin,2021,224,305,160000
bmw,530,13590000,Dízel,2017,195,265,16200
mercedes-benz,cla_200,13499000,Benzin,2019,120,163,8717
honda,accord,13190000,Benzin,2020,188,256,149000
audi,q3,13189000,Benzin,2020,110,150,58438
volkswagen,passat_viii,13000000,Dízel,2020,147,200,68000
mercedes-benz,c_220,12999999,Dízel,2018,143,194,50200
bmw,5-os_sorozat,12999000,Dízel,2018,140,190,25826
ford,mustang,12990000,Benzin,2016,310,421,108967
jeep,cherokee,12990000,Dízel,2019,143,194,16200
bmw,420,12990000,Dízel,2018,140,190,84000
volvo,v90,12850000,Benzin,2019,140,190,130000
hyundai,genesis,12799000,Benzin,2016,320,435,159000
volvo,xc40,12790000,Dízel,2019,110,150,86000
mercedes-benz,e_200,12790000,Benzin,2016,135,184,66000
audi,a5,12690000,Benzin,2020,110,150,50000
audi,q5,12599000,Dízel,2018,120,163,1800
bmw,435,12499999,Dízel,2017,230,313,73000
bmw,x2,12490000,Benzin,2018,141,192,25800
skoda,octavia,12490000,Benzin,2021,110,150,600
ford,ranger,12250000,Dízel,2019,147,200,99525
cadillac,devil,12000000,Benzin,1960,227,309,34100
bmw,x5,11999999,Dízel,2014,190,258,134542
mercedes-benz,a_250,11999000,Benzin,2018,165,224,48000
bmw,m1,11999000,Benzin,2017,250,340,151000
audi,a6,11998000,Dízel,2019,150,204,157000
audi,a6,11900000,Dízel,2017,140,190,18348
volkswagen,passat_viii,11690000,Dízel,2021,110,150,123509
bmw,118,11690000,Benzin,2020,103,140,48250
toyota,yaris,5790000,Hibrid,2019,68,92,60000
mercedes-benz,cla_45_amg,11450000,Benzin,2015,265,360,27800
toyota,corolla,11290000,Benzin,2020,112,152,69000
mercedes-benz,gla_200,10999000,Dízel,2018,100,136,35000
infiniti,qx70,10990000,Benzin,2018,235,320,280
toyota,auris,6199000,Hibrid,2016,73,99,75931
bmw,420,10952000,Dízel,2019,140,190,49000
mercedes-benz,cla_220,10800000,Dízel,2018,125,170,24092
kia,pro_ceed,10799000,Benzin,2020,150,204,32500
mazda,cx-30,10790000,Benzin,2021,137,186,60140
mercedes-benz,a_45_amg,10490000,Benzin,2015,265,360,148500
mercedes-benz,cl_550,10490000,Benzin,2010,285,387,101800
ford,transit,10300000,Dízel,2019,96,131,197345
volkswagen,sharan,10150000,Dízel,2018,110,150,211392
volkswagen,touran,9999999,Benzin,2020,110,150,82000
ford,s-max,9995000,Dízel,2020,110,150,177000
audi,a5,9990000,Benzin,2017,140,190,68500
skoda,kodiaq,9990000,Dízel,2017,110,150,1
skoda,superb,9990000,Dízel,2018,110,150,83000
volkswagen,arteon,9900000,Dízel,2018,140,190,73212
ford,mustang,9800000,Benzin,2014,224,305,245365
audi,a4,9800000,Dízel,2016,140,190,47625
peugeot,308,9790000,Dízel,2018,133,181,53000
mercedes-benz,cla_180,9750000,Benzin,2018,90,122,78000
toyota,auris,6280000,Hibrid,2018,73,99,39900
mercedes-benz,cla_45_amg,9550000,Benzin,2013,265,360,12509
volvo,v60,9499999,Dízel,2018,140,190,78000
jeep,compass,9499000,Benzin,2021,96,131,110000
bmw,3-as_sorozat,9490000,Dízel,2016,140,190,215400
ford,connect,9490000,Dízel,2021,88,120,105000
ford,tourneo,9400000,Dízel,2021,88,120,35319
bmw,x1,9290413,Dízel,2019,110,150,203450
volkswagen,passat_viii,9290000,Dízel,2018,110,150,67500
bmw,530,9290000,Dízel,2017,195,265,23400
ford,kuga,9200000,Benzin,2018,134,182,186000
land_rover,range_rover_sport,9200000,Dízel,2012,188,256,34050
volkswagen,passat,9199000,Benzin,2020,110,150,24000
bmw,x5,9190000,Dízel,2014,190,258,53320
volkswagen,tiguan,8999000,Benzin,2018,92,125,109000
audi,a4,8990000,Dízel,2017,110,150,171000
mercedes-benz,cla-osztaly,8990000,Dízel,2016,130,177,108165
skoda,octavia,8980000,Dízel,2018,135,184,106983
ford,s-max,8900000,Dízel,2016,132,179,174330
toyota,c-hr,8900000,Benzin,2018,72,98,70590
audi,a5,8899999,Dízel,2017,140,190,34000
volkswagen,transporter_t5,8890000,Dízel,2013,132,179,181500
ford,puma,8790000,Benzin,2022,92,125,104864
skoda,octavia,8699000,Benzin,2020,110,150,65000
audi,a6,8690000,Dízel,2015,160,218,48398
audi,q7,8600000,Dízel,2014,180,245,48500
volvo,xc60,8599999,Dízel,2015,110,150,156519
alfa_romeo,stelvio,8599999,Dízel,2017,110,150,100
toyota,auris,6399000,Hibrid,2018,73,99,155600
bmw,430,8499000,Dízel,2016,190,258,20000
volvo,v60,8499000,Dízel,2020,110,150,116000
bmw,x1,8499000,Benzin,2015,141,192,176000
volkswagen,amarok,8499000,Dízel,2014,132,179,119750
bmw,x6,8495000,Dízel,2011,225,306,65000
mercedes-benz,ml_350,8490000,Dízel,2011,170,231,148000
volkswagen,passat,8490000,Benzin,2018,206,280,174000
opel,insignia,8299000,Dízel,2020,125,170,135000
audi,q7,8200000,Dízel,2014,180,245,183033
suzuki,vitara,8200000,Benzin,2022,95,129,50300
audi,q7,8200000,Dízel,2012,250,340,81781
mercedes-benz,gl_350,8120000,Dízel,2012,195,265,195000
lincoln,navigator,7999999,Benzin,2014,231,314,157521
bmw,i3,6970000,Ektromos,2014,125,170,214200
ford,focus,7999000,Dízel,2021,88,120,74000
mercedes-benz,c_220,7990000,Dízel,2014,125,170,189482
renault,espace,7990000,Dízel,2018,118,160,150961
bmw,118,7990000,Benzin,2019,103,140,174150
bmw,i3,7290000,Ektromos,2014,125,170,160000
ford,focus,7990000,Benzin,2020,110,150,129700
toyota,rav_4,7499000,Hibrid,2016,114,155,60000
xus,rx,7950000,Hibrid(Benzin),2012,183,249,107875
mazda,6,7899000,Benzin,2018,121,165,42500
hyundai,tucson,7800000,Dízel,2016,100,136,87000
subaru,impreza,7800000,Benzin,2004,262,356,198000
volkswagen,touareg,7750000,Dízel,2013,180,245,188000
toyota,yaris,7700000,Benzin,2021,68,92,19989
renault,kadjar,7690000,Benzin,2019,103,140,126500
volkswagen,golf,7590000,Benzin,2020,96,131,149000
skoda,superb,7549000,Dízel,2017,140,190,94000
jeep,wrangr,7500000,Benzin,gáz,2006,151,205,18700
kia,ceed,7500000,Benzin,2021,118,160,54000
audi,q5,7500000,Dízel,2013,130,177,110000
toyota,c-hr,7950000,Hibrid,2019,72,98,134986
ford,s-max,7490000,Dízel,2019,110,150,105943
peugeot,308,7490000,Dízel,2021,96,131,134000
renault,grand_scenic,7490000,Dízel,2019,88,120,175000
audi,a6,7450000,Dízel,2015,140,190,81843
mercedes-benz,c_220,7449999,Dízel,2016,125,170,104000
suzuki,vitara,7440000,Benzin,2022,95,129,28270
skoda,superb,7350000,Dízel,2018,88,120,88000
volkswagen,golf_vii,7300000,Benzin,2019,96,131,205000
skoda,scala,7300000,Benzin,2020,110,150,167000
mercedes-benz,c-osztaly,7299000,Dízel,2019,90,122,55600
toyota,corolla,7990000,Hibrid(Benzin),2019,72,98,23909
skoda,scala,7290000,Benzin,2021,81,110,162958
land_rover,range_rover_evoque,7230000,Dízel,2013,140,190,40760
audi,a4,7200000,Dízel,2017,110,150,5062
volkswagen,passat_viii,7200000,Benzin,2018,110,150,29900
seat,ateca,7150000,Benzin,2016,110,150,157000
honda,civic,6999999,Dízel,2019,88,120,2
skoda,octavia,6999000,Dízel,2019,85,116,253100
bmw,530,6999000,Dízel,2015,190,258,157000
volkswagen,passat,6999000,Benzin,2018,92,125,110070
audi,a4,6999000,Dízel,2017,110,150,245000
nissan,juke,6999000,Benzin,2019,160,218,201000
opel,astra_k,6990000,Benzin,2017,147,200,58201
ford,kuga,6990000,Benzin,2018,110,150,97000
audi,a3,7999000,Hibrid,2016,110,150,159000
volvo,v40,6899000,Dízel,2019,110,150,124800
honda,civic,6799000,Benzin,2018,128,174,12000
ford,kuga,6799000,Dízel,2018,88,120,18500
kia,stonic,6790000,Benzin,2021,74,101,47200
volkswagen,passat_viii,6699000,Benzin,2017,92,125,105000
nissan,qashqai,6680000,Benzin,2017,120,163,104000
renault,espace,6500000,Dízel,2016,118,160,94124
audi,q5,6499999,Dízel,2012,176,239,227908
skoda,octavia,6499899,Dízel,2018,110,150,149468
ford,egyeb,6499000,Benzin,1986,114,155,146000
ford,kuga,6499000,Benzin,2017,110,150,160000
renault,megane,6490000,Dízel,2018,96,131,241260
jeep,renegade,6490000,Benzin,2020,88,120,117610
bmw,535,6490000,Dízel,2012,230,313,220194
ford,mondeo,8499000,Hibrid(Benzin),2019,137,186,156000
mazda,cx-5,6399000,Dízel,2017,110,150,85210
opel,astra_k,6399000,Benzin,2019,110,150,64962
alfa_romeo,giulia,6390000,Dízel,2017,110,150,195492
renault,grand_scenic,6390000,Dízel,2018,88,120,181000
skoda,octavia,6390000,Dízel,2017,110,150,119646
volkswagen,touran,6300000,Benzin,2016,110,150,32000
audi,q5,6299990,Dízel,2012,176,239,165490
fiat,500,6299000,Benzin,2020,51,69,169000
toyota,auris,6299000,Benzin,2018,73,99,46125
audi,a5,6299000,Dízel,2015,180,245,171000
xus,nx,9590000,Hibrid,2016,114,155,244000
bmw,216,6279998,Dízel,2017,85,116,23875
toyota,aygo,6199999,Benzin,2022,53,72,116000
nissan,qashqai,6199990,Dízel,2016,96,131,78900
toyota,rav_4,10990000,Hibrid,2019,114,155,53750
ford,mondeo,6190000,Dízel,2018,110,150,148000
hyundai,kona,6090000,Benzin,2020,88,120,173000
mercedes-benz,ml_320,5999999,Dízel,2009,165,224,135000
audi,a5,5999999,Dízel,2014,110,150,38000
bmw,320,5999999,Dízel,2012,135,184,271440
skoda,superb,5999000,Dízel,2016,140,190,23000
oldsmobi,ninety-eight,5999000,Dízel,1978,89,121,68345
kia,sportage,5999000,Dízel,2014,100,136,258000
hyundai,i40,5999000,Benzin,2016,99,135,85000
renault,espace,5999000,Dízel,2015,96,131,61820
bmw,330,5990000,Dízel,2012,190,258,44000
volvo,v40,5990000,Benzin,2017,90,122,208000
opel,mokka_x,5990000,Benzin,2017,103,140,186250
opel,astra_k,5980000,Benzin,2018,92,125,194865
citroen,grand_c4_picasso,5900000,Dízel,2017,110,150,32000
volkswagen,passat_viii,5890000,Dízel,2016,110,150,60748
seat,on,5890000,Dízel,2018,110,150,55240
kia,ceed,5890000,Benzin,2020,73,99,205000
ford,focus,5890000,Dízel,2018,88,120,130218
pontiac,trans_am,5875000,Benzin,1991,127,173,63815
xus,nx,11499999,Hibrid(Benzin),2017,145,197,50814
volvo,s60,5790000,Dízel,2016,110,150,192000
volkswagen,passat_viii,5790000,Dízel,2017,110,150,9300
renault,kadjar,5790000,Dízel,2017,96,131,151572
skoda,octavia,5790000,Dízel,2017,85,116,227659
volvo,xc90,17989000,Hibrid(Benzin),2018,235,320,1300
renault,trafic,5699000,Dízel,2012,84,114,76500
suzuki,sx4_s-cross,5690000,Benzin,2017,103,140,66000
volvo,s60,5600000,Benzin,2014,110,150,85820
audi,a3,5600000,Dízel,2015,81,110,53170
bmw,x2,21150000,Hibrid(Benzin),2022,162,220,149000
volkswagen,passat_viii,5599000,Dízel,2016,110,150,267074
bmw,420,21999000,Hibrid(Dízel),2021,140,190,26000
opel,astra_k,5590000,Benzin,2020,81,110,240000
skoda,fabia,5590000,Benzin,2021,70,95,214000
suzuki,vitara,5590000,Benzin,2018,88,120,87000
toyota,corolla,5570000,Benzin,2017,97,132,249000
suzuki,vitara,5550000,Benzin,2018,88,120,5100
peugeot,308,5500000,Benzin,2011,115,156,128000
volkswagen,passat,5499999,Dízel,2012,103,140,233000
alfa_romeo,159,5499999,Benzin,2012,147,200,171000
volkswagen,polo,5499000,Benzin,2020,70,95,215000
volkswagen,passat_viii,5498000,Dízel,2016,110,150,81000
ford,focus,5497000,Benzin,2010,166,226,168599
volkswagen,polo,5490000,Benzin,2018,70,95,183900
ford,kuga,5490000,Benzin,2015,110,150,105685
volkswagen,golf_vii,5490000,Dízel,2018,85,116,199460
suzuki,vitara,5490000,Benzin,2016,88,120,216800
volkswagen,cc,5450000,Dízel,2015,110,150,74500
ford,kuga,5400000,Benzin,2015,110,150,111178
kia,sportage,5399000,Dízel,2014,85,116,174000
honda,civic,5390000,Benzin,2015,104,141,32547
volkswagen,golf_viii,22696000,Hibrid(Benzin),2021,150,204,210
skoda,octavia,5290000,Dízel,2015,135,184,170000
ford,mondeo,5290000,Benzin,2018,118,160,26000
ford,mondeo,5199000,Dízel,2019,110,150,175000
skoda,octavia,5199000,Dízel,2017,81,110,241000
mazda,6,5198000,Dízel,2015,129,175,249000
opel,insignia,5189000,Dízel,2017,100,136,38180
toyota,corolla,5180000,Benzin,2014,73,99,214300
mercedes-benz,e_350,5150000,Dízel,2010,170,231,375000
audi,a5,5100000,Dízel,2012,180,245,165258
peugeot,3008,5100000,Dízel,2014,84,114,179000
volvo,c70,4999999,Benzin,2006,162,220,115295
opel,zafira_tourer,4999000,Dízel,2018,125,170,216000
porsche,cayenne,4999000,Benzin,2007,213,290,160000
suzuki,vitara,4999000,Benzin,2019,82,111,115079
lti_carbodies,fl2,4999000,Dízel,2001,50,68,220000
mazda,cx-5,4999000,Dízel,2014,110,150,99850
skoda,octavia,4998000,Benzin,2014,77,105,209000
mazda,cx-5,4990000,Dízel,2013,129,175,125000
citroen,c4_aircross,4990000,Dízel,2017,84,114,118366
volkswagen,golf_vii,4990000,Benzin,2015,92,125,161043
ford,connect,4990000,Dízel,2015,85,116,255000
ford,focus,4990000,Dízel,2017,88,120,131463
audi,a4,4990000,Dízel,2015,110,150,262000
volkswagen,golf,4990000,Benzin,2017,92,125,7050
hyundai,ix_35,4950000,Dízel,2012,135,184,41150
ford,focus,4900000,Benzin,2017,92,125,173000
opel,insignia,4899000,Dízel,2018,100,136,248200
hyundai,h-1,4895000,Dízel,2011,125,170,123800
volvo,xc60,4890000,Dízel,2009,136,185,102000
kia,ceed,4850000,Benzin,2016,99,135,171700
skoda,octavia,4800000,Benzin,2015,103,140,155616
ford,focus,4799000,Dízel,2019,70,95,172340
kia,ceed,4798000,Benzin,2015,74,101,410000
kia,sportage,4790000,Benzin,2010,120,163,41000
kia,sorento,4790000,Dízel,2013,110,150,168066
renault,megane,4790000,Benzin,2017,84,114,109582
renault,megane,4790000,Benzin,2018,84,114,113000
nissan,qashqai,4699000,Benzin,2017,85,116,172000
dacia,duster,4699000,Dízel,2018,80,109,199500
audi,q5,4690000,Dízel,2009,176,239,159000
skoda,octavia,4690000,Benzin,2018,110,150,205000
volkswagen,golf_vii,4650000,Dízel,2017,81,110,274000
ford,focus,4599000,Dízel,2015,88,120,185000
volkswagen,golf_vii,4599000,Dízel,2013,110,150,197000
kia,sportage,23480000,Hibrid(Benzin),2022,132,179,69984
opel,insignia,4599000,Benzin,2014,125,170,143000
kia,sportage,4590000,Dízel,2013,85,116,91150
opel,mokka,4588000,Benzin,2014,103,140,192660
volkswagen,passat_vii,4550000,Dízel,2011,103,140,227504
bmw,x5,4500000,Benzin,2008,261,355,163000
volvo,xc60,27890000,Hibrid(Benzin),2021,186,253,45994
mitsubishi,l_200,4499999,Dízel,2008,100,136,280506
kia,carens,4499000,Dízel,2018,104,141,38946
opel,corsa_f,4499000,Benzin,2020,55,75,26000
toyota,avensis,4499000,Benzin,2013,108,147,275081
toyota,auris,4499000,Dízel,2014,93,126,32000
audi,a5_cabrio,4499000,Benzin,2010,132,179,99755
mercedes-benz,c-osztaly,4499000,Dízel,2013,100,136,120000
suzuki,jimny,4495000,Benzin,2012,63,86,120200
volkswagen,passat_viii,4490000,Dízel,2015,88,120,93000
opel,insignia,4490000,Dízel,2016,100,136,289918
nissan,juke,4490000,Benzin,2014,140,190,55000
nissan,note,4490000,Benzin,2014,72,98,68562
skoda,superb,4490000,Dízel,2012,103,140,314000
honda,civic,4490000,Benzin,2014,104,141,33892
bmw,745,35000000,Hibrid(Benzin),2020,294,400,50768
opel,astra_k,4390000,Benzin,2016,110,150,191900
audi,s4,4350000,Benzin,2005,253,344,187700
toyota,rav_4,4350000,Dízel,2011,110,150,83843
opel,astra_j,4347000,Benzin,2016,85,116,155780
kia,soul,4300000,Benzin,2015,97,132,259000
volkswagen,golf_sportsvan,4300000,Benzin,2016,110,150,194000
kia,ceed,4299000,Benzin,2013,99,135,126000
hyundai,i30,4299000,Benzin,2015,74,101,220000
skoda,rapid,4299000,Benzin,2017,66,90,132175
dacia,duster,4290000,Benzin,2019,84,114,213000
opel,corsa_e,4290000,Benzin,2019,66,90,114500
volkswagen,phaeton,4259000,Dízel,2011,176,239,188912
bmw,530,4250000,Dízel,2011,190,258,163000
bmw,525,4200000,Dízel,2011,150,204,237000
bmw,330,4200000,Dízel,2009,180,245,195000
volkswagen,golf_vii,4199000,Dízel,2015,81,110,137000
skoda,octavia,4199000,Benzin,2018,110,150,224022
volkswagen,sharan,4199000,Dízel,2012,103,140,68400
suzuki,swi,4199000,Benzin,2018,66,90,85000
opel,insignia,4195000,Dízel,2016,100,136,199000
opel,astra_k,4190000,Dízel,2018,81,110,145830
nissan,qashqai_plusz_2,4190000,Dízel,2013,110,150,106000
volkswagen,scirocco,4190000,Benzin,2011,155,211,200000
peugeot,2008,4150000,Dízel,2016,73,99,137855
dacia,duster,4099999,Dízel,2013,66,90,306448
ford,ranger,3999999,Dízel,2010,103,140,245740
nissan,juke,3999999,Benzin,2014,69,94,15865
nissan,juke,3999999,Dízel,2014,81,110,169000
chevrot,silverado,3999999,Benzin,2001,201,273,110000
ford,c-max,3999999,Dízel,2018,88,120,234000
mercedes-benz,s-osztaly,3999999,Benzin,1994,210,286,123456
skoda,octavia,3999999,Dízel,2015,81,110,258000
mercedes-benz,e_220,3999999,Dízel,2013,125,170,179000
ford,focus,3999000,Benzin,2010,166,226,194500
renault,latitude,3999000,Dízel,2011,127,173,325000
mercedes-benz,s_500,3999000,Benzin,1991,240,326,220000
toyota,auris,3999000,Benzin,2013,73,99,398000
ford,kuga,3999000,Dízel,2009,103,140,130108
ford,focus,3997000,Dízel,2016,88,120,159545
bmw,530,3995000,Dízel,2008,173,235,219000
renault,clio,3990000,Benzin,2018,66,90,173000
bmw,330,3990000,Dízel,2008,170,231,166000
toyota,avensis,3990000,Dízel,2015,82,111,151300
honda,accord,3990000,Dízel,2012,110,150,111869
hyundai,i20,3950000,Benzin,2018,74,101,225831
mercedes-benz,b_180,3900000,Dízel,2014,80,109,64000
bmw,114,3900000,Benzin,2015,75,102,227400
kia,picanto,3898000,Benzin,2018,49,67,183000
audi,a3,3850000,Dízel,2009,103,140,198300
mercedes-benz,e_300,3800000,Dízel,2011,170,231,195000
opel,astra_k,3799999,Dízel,2017,81,110,259000
renault,clio,3799000,Benzin,2019,66,90,190624
seat,on,3799000,Dízel,2016,66,90,95000
volkswagen,scirocco,3790000,Dízel,2010,103,140,227593
kia,ceed,3790000,Benzin,2014,74,101,234000
audi,a6,3730000,Benzin,2005,246,334,157000
bmw,318,3700000,Dízel,2013,105,143,76941
nissan,juke,3690000,Benzin,2012,140,190,146325
audi,a5,3690000,Dízel,2007,176,239,239391
peugeot,508,3600000,Dízel,2016,86,117,135200
mini,cooper,3600000,Benzin,2011,135,184,195457
ford,focus,3599000,Dízel,2016,88,120,68000
jeep,wrangr,39990000,Hibrid(Benzin),2022,200,272,107000
renault,clio,3590000,Benzin,2017,54,73,211000
mercedes-benz,190,3500000,Dízel,1988,53,72,379000
ford,focus,3500000,Dízel,2015,85,116,145000
opel,insignia,3500000,Dízel,2013,118,160,57000
mercedes-benz,s_320,3499000,Dízel,2006,173,235,121000
audi,tt,3499000,Benzin,2007,147,200,191165
mercedes-benz,c_180,3499000,Dízel,2011,88,120,168281
seat,on,3499000,Benzin,2013,63,86,248000
renault,clio,3499000,Benzin,2014,66,90,211000
nissan,qashqai_plusz_2,3498000,Dízel,2012,96,131,150000
ford,s-max,3490000,Dízel,2011,85,116,286970
peugeot,508,3490000,Dízel,2011,150,204,192000
seat,on,3490000,Benzin,2014,77,105,212000
volkswagen,scirocco,3490000,Benzin,2009,147,200,149850
bmw,530,3490000,Dízel,2007,173,235,186348
kia,optima,3485000,Dízel,2012,100,136,130000
citroen,grand_c4_picasso,3470000,Dízel,2014,88,120,87064
skoda,octavia,3450000,Dízel,2009,125,170,106610
ford,c-max,3399000,Benzin,2011,92,125,131416
volkswagen,golf_vi,3398000,Dízel,2008,103,140,101500
hyundai,i30,3390000,Dízel,2014,94,128,155770
dacia,lodgy,3390000,Dízel,2016,80,109,38563
honda,accord,3390000,Benzin,2008,115,156,157688
cadillac,sevil,3350000,Benzin,1982,94,128,117893
audi,a4,3333333,Dízel,2008,105,143,129000
peugeot,308,3299999,Dízel,2015,110,150,209000
bmw,x3,3299000,Dízel,2006,160,218,214000
ford,s-max,3299000,Dízel,2012,103,140,216819
skoda,superb,3299000,Benzin,2008,118,160,55400
mitsubishi,space_star,3299000,Benzin,2018,52,71,57000
honda,civic,3295000,Benzin,2012,73,99,108500
dacia,logan,3290000,Dízel,2017,55,75,202582
hyundai,i40,3290000,Benzin,2013,100,136,144700
audi,a3,3290000,Dízel,2011,77,105,86300
audi,a8,52990000,Hibrid,2020,250,340,25700
audi,a5,3290000,Benzin,2010,155,211,90000
seat,ibiza,3290000,Dízel,2015,77,105,269279
opel,corsa_e,3247000,Benzin,2017,66,90,271000
mitsubishi,asx,3240000,Dízel,2011,110,150,196032
volkswagen,caravel,3200000,Dízel,2003,111,151,385000
mazda,6,3199000,Benzin,2011,88,120,221000
hyundai,i10,3199000,Benzin,2014,48,65,72000
renault,clio,3199000,Benzin,2014,54,73,75317
nissan,juke,3199000,Benzin,2011,86,117,235198
hyundai,i30,3199000,Benzin,2013,74,101,250500
hyundai,i30,3190000,Benzin,2015,74,101,117000
fiat,500,3149000,Benzin,2013,51,69,161000
opel,astra,3149000,Dízel,2016,81,110,67167
renault,clio,3130000,Dízel,2019,66,90,149000
volkswagen,sharan,3100000,Dízel,2011,105,143,93056
opel,insignia,3100000,Dízel,2010,118,160,298000
ford,focus,3100000,Dízel,2011,103,140,107000
audi,a4,3099999,Dízel,2009,105,143,235000
honda,cr-v,3099900,Benzin,2010,110,150,129000
volkswagen,eos,3090000,Benzin,2010,90,122,108898
bmw,320,3000000,Benzin,2007,125,170,147700
land_rover,freelander,2999999,Dízel,2009,112,152,99100
dacia,duster,2999999,Dízel,2015,66,90,215000
hyundai,i30,2999000,Dízel,2013,66,90,132180
volkswagen,transporter_t5,2999000,Dízel,2004,103,140,67000
land_rover,freelander,2999000,Dízel,2008,112,152,111000
mazda,3,2998000,Benzin,2011,77,105,187000
mazda,5,2990000,Dízel,2012,85,116,151134
toyota,avensis,2990000,Benzin,2009,97,132,358000
mercedes-benz,s_320,2990000,Dízel,2003,150,204,224500
mercedes-benz,e_420,2990000,Dízel,2007,231,314,210000
volkswagen,new_beet,2990000,Dízel,2006,77,105,72683
renault,megane,2990000,Dízel,2015,81,110,173181
mercedes-benz,c_220,2990000,Dízel,2008,125,170,63000
opel,astra_j,2990000,Benzin,2015,88,120,254115
dacia,logan,2949000,Dízel,2014,55,75,346500
honda,accord,2899000,Dízel,2011,110,150,225463
chevrot,cruze,2899000,Benzin,2014,103,140,303000
peugeot,308,2899000,Dízel,2011,80,109,356741
toyota,prius,2895000,Benzin,2005,57,77,212049
seat,ibiza,2890000,Benzin,2015,77,105,193846
volkswagen,golf_vi,2888888,Dízel,2009,81,110,394000
volkswagen,eos,2888888,Dízel,2010,103,140,235000
opel,zafira_tourer,2849000,Benzin,2013,103,140,134700
opel,corsa_e,2840000,Benzin,2015,51,69,198969
bmw,x3,2800000,Dízel,2007,130,177,199500
hyundai,ix_35,2799999,Dízel,2012,85,116,380000
nissan,juke,2799000,Dízel,2013,81,110,159088
ford,c-max,2799000,Dízel,2011,70,95,26544
volkswagen,passat_vi,2790000,Dízel,2011,103,140,82420
mercedes-benz,b_200,2790000,Dízel,2009,103,140,169000
volkswagen,passat_vi,2790000,Dízel,2009,103,140,220510
chevrot,cruze,2750000,Dízel,2013,96,131,170870
alfa_romeo,159,2750000,Dízel,2010,125,170,264580
honda,jazz,2750000,Benzin,2013,66,90,234504
ford,fiesta,2749000,Dízel,2016,55,75,190000
honda,jazz,2699000,Benzin,2011,66,90,242543
subaru,forester,2699000,Dízel,2014,108,147,284702
renault,kangoo_be_bop,2699000,Benzin,2009,78,106,198600
alfa_romeo,mito,2698000,Benzin,2011,99,135,256626
ford,focus,2697000,Benzin,2012,63,86,43113
volkswagen,passat_cc,2690000,Dízel,2008,125,170,148350
ford,c-max,2690000,Dízel,2013,85,116,152907
ford,mondeo,2690000,Dízel,2011,120,163,79557
volkswagen,golf_vi,2690000,Benzin,2009,90,122,174000
bmw,x3,2690000,Dízel,2007,130,177,201700
audi,a3,2690000,Benzin,2011,92,125,177000
opel,insignia,2650000,Dízel,2013,118,160,75003
opel,meriva_b,2649000,Benzin,2010,74,101,148475
mercedes-benz,b_200,2599999,Benzin,2009,100,136,170000
kia,pro_ceed,2599000,Benzin,2013,93,126,218000
mercedes-benz,e_220,2599000,Dízel,2008,125,170,179000
ford,focus,2599000,Benzin,2012,110,150,170000
toyota,auris,2599000,Benzin,2010,97,132,262015
honda,gend,2599000,Benzin,2007,217,295,180000
volkswagen,golf_vi,2598000,Benzin,2011,77,105,170121
toyota,verso-s,2590000,Benzin,2012,73,99,93935
suzuki,grand_vitara,2590000,Benzin,2008,78,106,103272
mercedes-benz,b_200,2590000,Benzin,2007,100,136,306000
peugeot,208,2590000,Dízel,2015,55,75,120000
renault,clio,2590000,Benzin,2014,54,73,213849
lada,kalina,2550000,Benzin,2018,72,98,294400
bmw,520,2550000,Benzin,2004,125,170,194500
volkswagen,golf_vi,2550000,Dízel,2013,77,105,100083
bmw,530,2550000,Dízel,2003,160,218,65246
renault,scenic,2549000,Dízel,2011,81,110,299236
audi,a4_cabrio,2500000,Dízel,2005,120,163,131000
volkswagen,polo,2500000,Benzin,2009,63,86,284200
mazda,3,2499999,Benzin,2009,77,105,450000
fiat,500,2499990,Benzin,2009,74,101,220000
hyundai,i30,2499000,Dízel,2012,81,110,344300
opel,astra_j,2499000,Benzin,2010,85,116,151000
volkswagen,golf_plus,2499000,Dízel,2009,77,105,125000
peugeot,3008,2490000,Benzin,2011,88,120,80000
audi,a4,2490000,Dízel,2006,125,170,177480
renault,megane,2490000,Dízel,2011,96,131,206335
skoda,octavia,2490000,Benzin,2010,90,122,192815
opel,zafira,2490000,Benzin,2011,85,116,80926
opel,zafira_b,2450000,Dízel,2010,81,110,200001
volkswagen,passat_vi,2450000,Dízel,2006,125,170,147000
seat,ibiza,2450000,Dízel,2006,118,160,117782
bmw,318,2400000,Dízel,2008,105,143,131000
peugeot,308,2400000,Dízel,2011,68,92,256000
bmw,323,2400000,Benzin,1997,125,170,251247
nissan,qashqai,2399999,Benzin,2007,84,114,152000
bmw,116,2399000,Benzin,2009,90,122,211300
kia,venga,2399000,Benzin,2010,66,90,226820
hyundai,tucson,2399000,Dízel,2009,110,150,152400
honda,cr-v,2399000,Benzin,2006,110,150,114864
ford,focus,2390000,Dízel,2013,77,105,139467
ford,fiesta,2390000,Benzin,2011,60,82,184426
peugeot,5008,2390000,Dízel,2012,84,114,192000
bmw,318,2390000,Dízel,2010,105,143,133200
mitsubishi,lancer,2390000,Dízel,2010,110,150,167080
ford,fiesta,2370000,Benzin,2014,60,82,65952
volkswagen,polo_v,2350000,Benzin,2012,51,69,296500
kia,ceed,2350000,Dízel,2013,94,128,166620
kia,venga,2349000,Benzin,2010,66,90,140000
opel,zafira_b,2340000,Dízel,2012,92,125,233850
toyota,corolla_verso,2300000,Benzin,2008,81,110,32218
ford,fiesta,2299000,Benzin,2014,60,82,123037
mazda,6,2299000,Benzin,2012,114,155,123200
opel,astra_j,2299000,Benzin,2011,88,120,174000
peugeot,208,2290000,Benzin,2014,50,68,245485
audi,a6,2290000,Dízel,2007,132,179,268000
opel,astra_j,2288000,Benzin,2012,74,101,291200
mercedes-benz,c_280,2285000,Benzin,2006,170,231,178800
honda,fr-v,2250000,Benzin,2009,103,140,192196
seat,alhambra,2250000,Dízel,2007,103,140,270000
alfa_romeo,giulietta,2250000,Benzin,2010,88,120,179000
skoda,octavia,2250000,Dízel,2008,77,105,238000
ford,focus,2250000,Dízel,2011,70,95,214000
kia,sportage,2250000,Benzin,2008,104,141,100000
lancia,thema,2222222,Dízel,2013,140,190,181000
volkswagen,touran,2200000,Benzin,2008,103,140,364154
volvo,v50,2199999,Dízel,2010,80,109,131040
mitsubishi,lancer,2199888,Benzin,2009,80,109,224416
ford,fiesta,2190000,Benzin,2010,60,82,147918
citroen,c4,2190000,Benzin,2010,88,120,89670
peugeot,301,2190000,Benzin,2013,53,72,149458
opel,meriva_b,2180000,Dízel,2012,81,110,294000
hyundai,i30,2179000,Benzin,2010,80,109,159000
skoda,roomster,2150000,Benzin,2013,51,69,254361
bmw,320,2150000,Dízel,2008,130,177,151000
audi,a6,2150000,Benzin,2007,125,170,173500
citroen,grand_c4_picasso,2150000,Benzin,2010,110,150,263650
volkswagen,touran,2149000,Dízel,2009,103,140,179120
renault,megane,2140000,Benzin,2009,81,110,152000
jeep,grand_cherokee,2100000,Dízel,2003,120,163,187000
bmw,325,2099999,Benzin,2001,141,192,332000
volkswagen,passat_vi,2099999,Dízel,2006,103,140,159211
chevrot,epica,2099000,Dízel,2009,110,150,221000
chevrot,captiva,2097000,Dízel,2008,110,150,144000
honda,cr-v,2090000,Dízel,2005,103,140,100197
volkswagen,polo,2090000,Benzin,2010,77,105,334000
dodge,caliber,2050000,Benzin,2009,115,156,138000
renault,scenic,2050000,Dízel,2009,118,160,222000
mahindra,goa,2050000,Dízel,2009,79,107,157800
audi,a4,2050000,Benzin,2004,96,131,280400
renault,fluence,2000000,Dízel,2015,70,95,196400
fiat,ulysse,2000000,Dízel,2011,88,120,295000
toyota,yaris,2000000,Benzin,2009,64,87,194000
skoda,superb,1999999,Benzin,2008,118,160,205277
opel,corsa_d,1999999,Benzin,2014,48,65,246000
skoda,octavia,1999999,Benzin,2012,77,105,131850
ford,fiesta,1999990,Benzin,2009,71,97,78000
mercedes-benz,clk_200,1999990,Benzin,2001,120,163,239000
alfa_romeo,159,1999990,Dízel,2010,88,120,206000
alfa_romeo,gt,1999990,Dízel,2009,125,170,258000
ford,fiesta,1999950,Benzin,2009,60,82,184000
nissan,note,1999900,Benzin,2011,65,88,223154
bmw,523,1999000,Benzin,2005,130,177,199400
renault,espace,1999000,Dízel,2010,127,173,202840
opel,zafira,1999000,Benzin,2008,103,140,197000
renault,kangoo,1998000,Benzin,2008,78,106,200000
bmw,3-as_sorozat,1990000,Benzin,2006,160,218,265050
suzuki,jimny,1990000,Dízel,2007,63,86,182000
trabant,601,1990000,Benzin,1989,19,26,123000
audi,a3,1990000,Benzin,2005,85,116,355522
toyota,rav_4,1990000,Dízel,2004,85,116,137432
jeep,cherokee,1990000,Dízel,2001,105,143,161777
mercedes-benz,e_220,1980000,Dízel,2004,110,150,148810
mazda,5,1980000,Benzin,2011,85,116,259505
fiat,500,1979000,Benzin,2008,51,69,382000
ford,s-max,1950000,Benzin,2007,107,145,170000
bmw,320,1947000,Dízel,2006,120,163,262200
toyota,yaris,1900000,Benzin,2009,74,101,16536
ford,focus,1900000,Benzin,2008,85,116,263478
alfa_romeo,159,1899990,Dízel,2007,88,120,239000
volvo,v50,1899000,Benzin,gáz,2008,74,101,124888
ford,fiesta,1899000,Benzin,2009,71,97,247635
opel,vectra_c,1899000,Benzin,2008,77,105,89384
subaru,forester,1899000,Benzin,2002,92,125,206000
skoda,roomster,1899000,Benzin,2009,51,69,198000
mercedes-benz,e_200,1898000,Dízel,2004,90,122,182897
bmw,730,1890000,Dízel,2005,170,231,122815
opel,corsa_d,1890000,Dízel,2011,55,75,207121
volkswagen,golf_v,1890000,Benzin,2009,90,122,211800
ford,focus,1880000,Benzin,2010,74,101,246000
ford,focus,1879000,Benzin,2008,74,101,835000
fiat,bravo,1879000,Dízel,2007,88,120,197000
toyota,avensis,1850000,Dízel,2008,130,177,240000
skoda,octavia,1850000,Dízel,2011,77,105,209549
renault,laguna,1849000,Dízel,2008,96,131,197000
seat,ibiza,1849000,Benzin,2014,51,69,304500
bmw,320,1800000,Dízel,2005,110,150,462904
audi,a4,1799999,Dízel,2007,103,140,160100
kia,ceed,1799000,Dízel,2011,85,116,187000
ford,focus,1799000,Dízel,2010,80,109,165080
hyundai,tucson,1799000,Benzin,2005,104,141,138040
ford,s-max,1799000,Dízel,2012,85,116,208000
seat,ibiza,1797000,Benzin,2011,51,69,246300
seat,altea,1790000,Dízel,2007,125,170,302000
kia,ceed,1790000,Benzin,2011,77,105,169700
skoda,fabia,1790000,Benzin,2009,63,86,308726
ssangyong,actyon_sports,1790000,Dízel,2007,104,141,285000
renault,laguna,1790000,Dízel,2009,110,150,260100
dacia,logan,1790000,Benzin,2012,62,84,171179
ford,focus,1788888,Benzin,2007,74,101,169781
opel,zafira_b,1780000,Benzin,2007,103,140,254000
volkswagen,touareg,1780000,Dízel,2005,128,174,235850
opel,astra_j,1780000,Dízel,2012,81,110,234666
citroen,grand_c4_picasso,1759000,Benzin,2010,88,120,238300
volvo,v50,1750000,Dízel,2007,100,136,186213
lada,niva,1750000,Benzin,2000,59,80,150000
volkswagen,touran,1750000,Benzin,2008,103,140,84000
citroen,grand_c4_picasso,1750000,Dízel,2010,100,136,120054
seat,ibiza,1749000,Benzin,2008,63,86,96400
toyota,yaris,1699000,Benzin,2008,64,87,189800
honda,civic,1699000,Dízel,2006,103,140,248636
audi,a4,1699000,Dízel,2004,96,131,186000
mercedes-benz,ml_270,1699000,Dízel,2001,120,163,159000
bmw,118,1699000,Benzin,2006,95,129,138000
ford,focus,1698000,Benzin,2008,92,125,103374
fiat,panda,1698000,Dízel,2013,55,75,155352
peugeot,308,1698000,Dízel,2010,82,111,204000
toyota,yaris,1698000,Benzin,2008,64,87,199873
opel,corsa_d,1695000,Benzin,2009,63,86,187390
bmw,118,1690000,Benzin,2006,95,129,188341
volkswagen,jetta,1690000,Benzin,2008,75,102,161931
toyota,avensis,1690000,Dízel,2005,85,116,37000
ford,fiesta,1690000,Benzin,2009,60,82,225000
land_rover,freelander,1689990,Dízel,2004,98,133,74000
peugeot,207,1689000,Benzin,2011,72,98,141000
smart,fortwo,1688000,Benzin,2012,45,61,403500
toyota,auris,1675000,Dízel,2007,66,90,140000
citroen,c1,1675000,Benzin,2012,50,68,180145
peugeot,307,1668000,Dízel,2008,100,136,360750
kia,pro_ceed,1650000,Dízel,2009,66,90,411000
audi,a3,1650000,Benzin,2008,92,125,126000
volkswagen,touareg,1650000,Dízel,2006,165,224,237000
toyota,yaris,1650000,Dízel,2007,66,90,426000
kia,sportage,1650000,Benzin,2005,104,141,87000
opel,insignia,1650000,Dízel,2009,96,131,185286
opel,meriva,1650000,Dízel,2010,55,75,93395
seat,ibiza,1650000,Benzin,2011,51,69,250000
toyota,auris,1649999,Dízel,2007,93,126,280000
mini,mini_cooper,1600000,Benzin,2008,88,120,228000
bmw,320,1600000,Benzin,2007,110,150,236000
hyundai,getz,1600000,Benzin,2008,71,97,143800
chevrot,epica,1600000,Dízel,2008,110,150,259204
renault,grand_scenic,1599000,Benzin,2007,99,135,175000
audi,a6,1599000,Dízel,2005,165,224,98000
suzuki,splash,1599000,Dízel,2008,55,75,61000
skoda,fabia,1599000,Benzin,2009,51,69,323831
renault,scenic,1599000,Benzin,2007,82,111,169600
opel,astra_h,1599000,Benzin,2009,85,116,164622
opel,corsa_d,1599000,Benzin,2008,59,80,151500
toyota,corolla_verso,1599000,Dízel,2008,130,177,206540
opel,zafira_b,1590000,Benzin,2006,103,140,82000
opel,astra_h,1585000,Benzin,2008,77,105,249200
ford,focus,1580000,Benzin,2005,85,116,158217
opel,zafira,1580000,Benzin,2007,77,105,152000
ford,fusion,1578000,Benzin,2009,74,101,141138
toyota,corolla,1560000,Benzin,2005,81,110,101000
bmw,x5,1550000,Dízel,2001,135,184,179000
lada,granta,1550000,Benzin,2018,72,98,145325
seat,ibiza,1550000,Benzin,2011,44,60,216200
volvo,xc90,1550000,Benzin,2005,200,272,150000
suzuki,sx4,1500000,Benzin,2006,73,99,184684
trabant,601,1499999,Benzin,1989,19,26,173127
mercedes-benz,a-osztaly,1499999,Dízel,2009,80,109,290000
suzuki,splash,1499000,Benzin,2009,48,65,157963
volkswagen,golf_v,1499000,Benzin,2006,85,116,193000
mercedes-benz,c_200,1499000,Benzin,2004,120,163,156700
toyota,yaris_verso,1499000,Benzin,2004,62,84,625000
fiat,linea,1498000,Benzin,2011,57,77,241000
ford,mondeo,1498000,Benzin,2006,92,125,146000
opel,zafira_b,1495000,Benzin,2008,85,116,245945
volkswagen,polo,1490000,Benzin,2005,55,75,136937
ford,focus,1490000,Benzin,2007,107,145,269600
seat,on,1489000,Benzin,2006,63,86,19546
audi,a4,1480000,Dízel,2004,132,179,213000
seat,altea,1470000,Dízel,2009,77,105,291000
hyundai,i20,1450000,Benzin,2011,57,77,182000
volkswagen,golf_ii,1450000,Benzin,1989,40,54,193000
hyundai,i20,1450000,Benzin,2010,57,77,138365
renault,megane,1450000,Benzin,2007,99,135,146683
opel,meriva_a,1449000,Benzin,2008,77,105,173000
opel,astra_h,1449000,Benzin,2005,92,125,94000
volkswagen,golf_iv,1449000,Benzin,2005,77,105,265000
opel,meriva_a,1448000,Benzin,2008,77,105,203685
volkswagen,passat_v,1400000,Benzin,2003,125,170,33500
opel,frontera,1399999,Benzin,2002,100,136,237500
toyota,corolla,1399000,Benzin,2006,71,97,188000
fiat,grande_punto,1399000,Benzin,2009,48,65,219693
opel,astra_h,1397700,Benzin,2006,77,105,260000
honda,jazz,1390000,Benzin,2007,61,83,108800
volkswagen,polo,1390000,Benzin,2008,44,60,262000
suzuki,swi,1390000,Benzin,2007,68,92,231000
opel,meriva_a,1390000,Benzin,2008,66,90,298000
audi,a4,1390000,Benzin,1995,74,101,168401
citroen,xsara_picasso,1390000,Benzin,2008,80,109,349000
mercedes-benz,a_180,1380000,Dízel,2005,80,109,121400
opel,meriva,1375000,Benzin,2008,77,105,141000
mini,mini_cooper,1370000,Benzin,2006,88,120,257000
suzuki,swi,1368000,Benzin,2009,68,92,422526
ford,focus,1365000,Benzin,2006,74,101,201000
ford,focus,1350000,Benzin,2008,85,116,140000
chrysr,pt_cruiser,1350000,Benzin,2006,105,143,173990
opel,astra_h,1339000,Dízel,2009,74,101,255246
kia,carnival,1330000,Dízel,2009,136,185,193800
kia,ceed,1300000,Benzin,2007,80,109,225681
peugeot,207,1300000,Benzin,2007,70,95,282000
ford,fusion,1300000,Benzin,2006,59,80,470000
mitsubishi,colt,1299999,Benzin,2010,55,75,470000
renault,grand_scenic,1299000,Benzin,2008,82,111,199557
fiat,grande_punto,1299000,Dízel,2008,66,90,97000
ford,focus,1299000,Benzin,2007,74,101,173143
skoda,fabia,1299000,Benzin,2007,55,75,145000
ford,focus,1298000,Benzin,2007,74,101,95000
mini,mini_cooper,1290000,Benzin,gáz,2003,85,116,283000
skoda,octavia,1290000,Dízel,2004,81,110,106719
ford,focus,1279000,Benzin,2007,74,101,176438
suzuki,swi,1269000,Benzin,2005,68,92,263000
volvo,v50,1250000,Dízel,2005,80,109,98000
citroen,c2,1249000,Benzin,2010,44,60,177000
mazda,6,1240000,Benzin,2006,88,120,212731
volkswagen,polo,1220000,Benzin,2007,44,60,43000
renault,megane,1200000,Benzin,2005,83,113,300000
ford,focus_c-max,1200000,Dízel,2005,80,109,208896
peugeot,407,1200000,Dízel,2006,150,204,240000
skoda,fabia,1199000,Benzin,2009,44,60,279240
opel,astra_h,1199000,Dízel,2006,66,90,195000
volkswagen,sharan,1199000,Benzin,2002,85,116,232081
mercedes-benz,c_200,1195000,Benzin,2002,120,163,184000
mini,mini_one,1190000,Dízel,2004,55,75,194769
renault,clio,1189000,Benzin,2007,55,75,182000
ford,fusion,1189000,Benzin,2004,59,80,276000
ford,fiesta,1175000,Benzin,2007,59,80,339290
lancia,delta,1150000,Dízel,2009,88,120,455008
mazda,6,1150000,Benzin,2005,88,120,198111
volkswagen,polo,1149000,Benzin,2007,40,54,219000
ford,fiesta,1149000,Benzin,2008,51,69,234000
peugeot,307,1149000,Benzin,2004,80,109,175342
hyundai,getz,1148000,Benzin,2006,49,67,104000
volkswagen,polo_iv,1130000,Dízel,2002,55,75,308000
nissan,micra,1100000,Benzin,2007,48,65,323000
ford,focus_c-max,1100000,Benzin,2005,74,101,212543
fiat,bravo,1100000,Dízel,2008,77,105,175300
renault,clio,1100000,Benzin,2008,48,65,237600
trabant,601,1100000,Benzin,1987,19,26,301000
citroen,c5,1100000,Dízel,2008,80,109,107200
opel,meriva_a,1100000,Dízel,gáz,2006,55,75,320000
ford,focus_c-max,1099000,Dízel,2005,100,136,105066
opel,zafira_b,1099000,Dízel,2011,92,125,111300
hyundai,getz,1099000,Benzin,2005,46,63,96200
mercedes-benz,a_150,1099000,Benzin,2007,70,95,169000
fiat,panda,1097777,Benzin,2009,40,54,209000
opel,corsa_d,1090000,Benzin,2007,59,80,302000
peugeot,407,1089000,Benzin,2005,103,140,263403
peugeot,607,1079000,Dízel,2003,98,133,520000
suzuki,swi,1050000,Benzin,2005,75,102,333000
opel,vectra_c,1050000,Dízel,2006,88,120,291929
toyota,yaris,1049999,Benzin,2003,63,86,513834
skoda,fabia,1000000,Benzin,2008,51,69,267000
toyota,yaris,999999,Benzin,2003,48,65,380000
opel,meriva,999999,Benzin,2004,74,101,535380
skoda,fabia,999999,Dízel,2001,74,101,195037
fiat,grande_punto,999000,Benzin,2008,57,77,228893
ford,fiesta,999000,Benzin,2008,55,75,352150
volkswagen,polo,999000,Dízel,2002,55,75,117000
ford,focus,999000,Benzin,2005,85,116,238000
honda,accord,998000,Dízel,2004,103,140,166000
opel,astra_h,997000,Benzin,2006,66,90,170540
opel,astra_h,995000,Benzin,2005,66,90,312204
renault,twingo,990000,Benzin,2009,55,75,204805
skoda,fabia,990000,Benzin,2009,44,60,350000
toyota,avensis,990000,Dízel,2006,110,150,191000
subaru,impreza,990000,Benzin,2007,79,107,206454
fiat,grande_punto,990000,Benzin,2006,57,77,295000
mercedes-benz,c_230,990000,Benzin,2003,141,192,291000
mini,mini_cooper,990000,Benzin,2001,85,116,135400
mercedes-benz,c_220,990000,Dízel,2004,105,143,146866
audi,a8,990000,Benzin,1998,169,230,280000
renault,laguna,990000,Dízel,2006,88,120,386455
lada,samara,990000,Benzin,1988,48,65,225400
peugeot,207,989000,Benzin,2007,66,90,138000
renault,laguna,980000,Dízel,2006,88,120,361500
skoda,octavia,969000,Benzin,2003,55,75,240000
chevrot,spark,969000,Benzin,2006,38,52,167000
suzuki,ignis,960000,Benzin,2003,69,94,192000
ford,focus,950000,Benzin,2007,74,101,255100
suzuki,swi,950000,Benzin,2005,68,92,420000
alfa_romeo,159,950000,Dízel,2006,147,200,129500
ford,focus_c-max,950000,Dízel,2004,100,136,206000
lada,1300,950000,Benzin,1979,56,76,106300
peugeot,207,950000,Benzin,2007,110,150,240000
fiat,grande_punto,949000,Benzin,2009,48,65,154360
opel,astra_g,920000,Benzin,2007,66,90,149077
suzuki,ignis,900000,Benzin,2007,69,94,307000
opel,tigra_tt,899999,Benzin,2005,92,125,175627
honda,jazz,899000,Benzin,2003,57,77,349000
fiat,panda,899000,Dízel,2007,51,69,278000
citroen,c4,890000,Dízel,2007,66,90,116000
volkswagen,bora,890000,Benzin,2004,77,105,356000
volkswagen,passat_v,890000,Dízel,2003,74,101,156000
peugeot,207,890000,Benzin,2008,55,75,226780
volkswagen,golf_iii,875000,Dízel,1996,55,75,280850
peugeot,207,859000,Dízel,2011,66,90,188500
fiat,albea,850000,Benzin,2006,57,77,142000
peugeot,207,850000,Dízel,2009,66,90,370000
volvo,s80,850000,Benzin,2002,200,272,400000
skoda,fabia,849999,Benzin,2005,40,54,154000
peugeot,206,849000,Dízel,2005,80,109,167876
renault,thalia,847000,Benzin,2003,55,75,380100
bmw,318,820000,Benzin,2001,87,118,149720
ford,focus,800000,Benzin,2005,59,80,360000
mini,mini_one,800000,Benzin,2002,66,90,217000
ford,focus,800000,Dízel,2009,80,109,303000
peugeot,206,800000,Benzin,2004,80,109,170000
opel,vectra_c,800000,Dízel,2003,92,125,270000
mercedes-benz,c_180,800000,Benzin,2001,95,129,330000
mazda,mpv,799000,Dízel,2004,100,136,298297
peugeot,407,799000,Benzin,gáz,2006,103,140,255000
ford,focus,790000,Benzin,2002,55,75,217143
peugeot,405,790000,Dízel,1990,51,69,168000
fiat,126,780000,Benzin,1986,18,24,248500
ford,galaxy,770000,Dízel,2003,85,116,210000
ssangyong,musso,750000,Dízel,1998,74,101,153500
volvo,v40,750000,Benzin,1997,103,140,107171
renault,clio,750000,Dízel,2010,50,68,302126
nissan,almera,750000,Dízel,2003,60,82,353653
honda,civic,749999,Benzin,1998,55,75,211000
peugeot,106,749000,Benzin,1995,33,45,191306
citroen,c3,749000,Benzin,2005,54,73,378112
volkswagen,bora,739999,Benzin,2000,74,101,229000
volkswagen,passat_v,700000,Dízel,2004,96,131,195000
peugeot,307,700000,Dízel,2007,80,109,325125
ford,orion,700000,Benzin,1988,54,73,315250
suzuki,swi,700000,Benzin,2006,68,92,522100
peugeot,206,699000,Benzin,2006,55,75,75000
audi,a3,699000,Benzin,1998,110,150,247260
opel,meriva_a,699000,Benzin,gáz,2007,66,90,181506
toyota,start,679000,Benzin,1987,55,75,250799
volkswagen,golf_v,670000,Benzin,2006,75,102,602781
volkswagen,polo_iv,650000,Benzin,2003,55,75,356766
volkswagen,polo_iv,645000,Benzin,2003,40,54,168400
opel,astra_g,600000,Benzin,2007,66,90,350000
renault,laguna,600000,Dízel,2003,110,150,195000
peugeot,307,600000,Dízel,2004,80,109,148000
mercedes-benz,a_170,600000,Dízel,2004,70,95,67000
ford,escort,599999,Benzin,1983,51,69,158117
ford,focus,599999,Dízel,2002,85,116,195000
suzuki,alto,599900,Benzin,2006,46,63,266000
suzuki,vitara,599000,Benzin,1996,59,80,190000
volkswagen,passat,599000,Benzin,1999,74,101,243108
opel,tigra_tt,599000,Benzin,2005,92,125,144000
nissan,almera,580000,Benzin,2004,72,98,229000
fiat,ulysse,570000,Dízel,2000,80,109,296200
chrysr,grand_voyager,570000,Dízel,2001,104,141,265400
volkswagen,lupo,569000,Benzin,2003,44,60,338000
ford,focus,550000,Benzin,2005,74,101,277000
citroen,c3,550000,Benzin,2004,54,73,313845
kia,rio,549999,Benzin,2003,60,82,246000
ford,fusion,520000,Benzin,2005,59,80,308000
lada,2107,500000,Benzin,1992,55,75,200000
toyota,yaris,500000,Benzin,2001,50,68,139000
fiat,ulysse,500000,Dízel,2004,80,109,22000
renault,scenic,499999,Benzin,2002,79,107,312600
ford,focus,499999,Dízel,2005,66,90,217491
hyundai,accent,499000,Benzin,2003,63,86,177000
fiat,punto,499000,Benzin,2003,44,60,167000
ssangyong,kyron,499000,Dízel,2006,104,141,41000
suzuki,alto,499000,Benzin,2004,46,63,77000
toyota,corolla_verso,499000,Dízel,2006,130,177,238000
citroen,xsara_picasso,489000,Benzin,2002,70,95,185610
alfa_romeo,gt,485000,Dízel,2007,110,150,189000
skoda,octavia,460000,Benzin,1999,74,101,249000
renault,r_19,450000,Benzin,1994,55,75,159500
renault,r_25,450000,Benzin,1985,91,124,187727
opel,astra_f,450000,Benzin,1996,60,82,226000
toyota,celica,450000,Benzin,1994,85,116,160000
ford,focus,444000,Dízel,2002,55,75,208600
mazda,2,425000,Dízel,2003,50,68,267000
fiat,punto,424000,Benzin,2000,44,60,152817
volkswagen,golf_iv,400000,Benzin,2000,74,101,7060
citroen,xsara_picasso,399500,Benzin,2001,85,116,300000
toyota,avensis,399000,Benzin,2001,93,126,214910
citroen,xsara,399000,Benzin,2004,55,75,202000
citroen,c5,399000,Dízel,2003,80,109,312000
ford,ka,380000,Benzin,1999,44,60,190000
kia,sephia,370000,Benzin,1999,59,80,122555
citroen,berlingo,360000,Dízel,2003,66,90,580538
mazda,323,359000,Benzin,1997,65,88,204708
seat,ibiza,345000,Benzin,1998,44,60,140000
rover,p6,345000,Benzin,1972,73,99,123456
citroen,c3,330000,Dízel,2003,50,68,300000
fiat,seicento,330000,Benzin,2001,29,39,111000
mazda,2,330000,Benzin,2005,55,75,181000
mercedes-benz,a_160,330000,Benzin,1998,75,102,225320
volkswagen,polo_iii,320000,Benzin,2000,55,75,250000
volkswagen,golf_ii,300000,Dízel,1988,40,54,500000
polski_fiat,126,300000,Benzin,1985,18,24,61580
daewoo,tico,299000,Benzin,1997,35,48,92770
nissan,micra,295000,Benzin,2002,60,82,210000
audi,a4,280000,Dízel,1998,110,150,280000
audi,a4,259000,Dízel,1996,66,90,186000
mitsubishi,colt,250000,Benzin,1997,66,90,160000
seat,ibiza,250000,Dízel,1999,47,64,236519
suzuki,swi,250000,Benzin,1999,39,53,140000
volkswagen,new_beet,249000,Dízel,1999,66,90,270000
fiat,punto,245000,Benzin,1999,40,54,207000
peugeot,206,245000,Dízel,2004,50,68,260000
opel,astra_f,230000,Benzin,1994,60,82,455000
rover,75,230000,Dízel,2002,85,116,270340
nissan,micra,200000,Benzin,1985,40,54,125000
fiat,brava,200000,Benzin,1999,76,103,400000
ford,fiesta,200000,Benzin,2002,44,60,74366
mazda,323,170000,Benzin,1997,66,90,245000
skoda,105,160000,Benzin,1986,34,46,67890
citroen,saxo,160000,Benzin,2000,44,60,188000
skoda,fabia,160000,Dízel,2005,47,64,280000
ford,ka,150000,Benzin,2006,50,68,160000
